id_x,timestamp_x,category,stream_title,channel,viewers_x,tags_x,id_y,timestamp_y,viewers_y,tags_y,image_url
1,2025-02-24 15:22:17,Just Chatting,"√ñSTERREICH OLYMPIA mit PapaP, Aditoro & Paul Frege",rewinside,27800,Deutsch,1,2025-02-24 15:15:55,306000,IRL,https://static-cdn.jtvnw.net/ttv-boxart/509658-285x380.jpg
2,2025-02-24 15:22:17,Just Chatting,"DIE GROSSE WINTEROLYMPIADE mit Papaplatte, Paul, Rewi & Fibi", + 4 ,27700,ADHD,1,2025-02-24 15:15:55,306000,IRL,https://static-cdn.jtvnw.net/ttv-boxart/509658-285x380.jpg
3,2025-02-24 15:22:17,Just Chatting,üõë–¢–Æ–ù–ò–ú –°–ü–û–†–¢–ò–í–ù–£–Æ –ú–ê–®–ò–ù–£ / @steel !—Ç–≥ !winline,aditotoro,13200,ADHDStreamer,1,2025-02-24 15:15:55,306000,IRL,https://static-cdn.jtvnw.net/ttv-boxart/509658-285x380.jpg
4,2025-02-24 15:22:17,Just Chatting,In Atlanta with @agent00 @tpain - becoming drift kings, + 4 ,10500,Deutsch,1,2025-02-24 15:15:55,306000,IRL,https://static-cdn.jtvnw.net/ttv-boxart/509658-285x380.jpg
28,2025-02-24 15:22:26,League of Legends,üî¥LOS RATONES BOOTCAMP @REKKLES @LOL_NEMESIS @VELJA_LOL @CROWNSH0T @THEBAUSFFS üî¥ !dpmlol !discord !youtube !displate,Caedrel,25400,LEC,2,2025-02-24 15:15:55,171000,"RPG, Strategy, MOBA",https://static-cdn.jtvnw.net/ttv-boxart/21779-285x380.jpg
29,2025-02-24 15:22:26,League of Legends,BOTCAMP IN LONDON - Maroon Freaking Monday,Thebausffs,20100,English,2,2025-02-24 15:15:55,171000,"RPG, Strategy, MOBA",https://static-cdn.jtvnw.net/ttv-boxart/21779-285x380.jpg
30,2025-02-24 15:22:26,League of Legends,„Çπ„ÉàÔºñÂØæÊà¶‰ºö‚ñ∂ÔºíÔºîÊôÇLOL,Âè∂„Å°„ÇÉ„Çì„Å≠„Çã (kanae_2434),12500,LPL,2,2025-02-24 15:15:55,171000,"RPG, Strategy, MOBA",https://static-cdn.jtvnw.net/ttv-boxart/21779-285x380.jpg
58,2025-02-24 15:22:34,Dota 2,Team Spirit [1:0] Team Falcons | DreamLeague S25: Group Stage | BO3 | @artem1daaa & @Crystalmaytv,dota2_paragon_ru,31000,–†—É—Å—Å–∫–∏–π,3,2025-02-24 15:15:55,149000,"Strategy, MOBA, Action",https://static-cdn.jtvnw.net/ttv-boxart/29595-285x380.jpg
59,2025-02-24 15:22:34,Dota 2,[NO DELAY]Team Spirit [1:0] Team Falcons | DreamLeague S25: Group Stage | BO3 | @afoninje @vtunedota spoiler=ban,ramzes,23600,–ö–∏–±–µ—Ä—Å–ø–æ—Ä—Ç,3,2025-02-24 15:15:55,149000,"Strategy, MOBA, Action",https://static-cdn.jtvnw.net/ttv-boxart/29595-285x380.jpg
60,2025-02-24 15:22:34,Dota 2,LIVE: Team Spirit vs. Team Falcons - DreamLeague Season 25,ESL_DOTA2,23000,Esports,3,2025-02-24 15:15:55,149000,"Strategy, MOBA, Action",https://static-cdn.jtvnw.net/ttv-boxart/29595-285x380.jpg
61,2025-02-24 15:22:34,Dota 2,[–ë–ï–ó –ó–ê–î–ï–†–ñ–ö–ò] Spirit vs Falcons | DreamLeague S25 GS | !winline !tg !–º–µ—Ä—á !–∫–æ–º–ø,just_ns,13900,–ø–æ–≤–æ—Ä–æ—Ç,3,2025-02-24 15:15:55,149000,"Strategy, MOBA, Action",https://static-cdn.jtvnw.net/ttv-boxart/29595-285x380.jpg
88,2025-02-24 15:22:42,VALORANT,ÔæåÔæôÔæäÔæüVALO,Âä†Ëó§Á¥î‰∏Ä„ÅÜ„Çì„Äá„Å°„ÇÉ„Çì (kato_junichi0817),31300,Êó•Êú¨Ë™û,4,2025-02-24 15:15:55,134000,"FPS, Shooter, Action",https://static-cdn.jtvnw.net/ttv-boxart/516575-285x380.jpg
89,2025-02-24 15:22:42,VALORANT,VALO„Ç¨„ÉÅ‰øÆË°å,„ÅØ„Çì„Åò„Çá„ÅÜ (hanjoudesu),11600,Êó•Êú¨Ë™û,4,2025-02-24 15:15:55,134000,"FPS, Shooter, Action",https://static-cdn.jtvnw.net/ttv-boxart/516575-285x380.jpg
176,2025-02-24 15:23:08,Teamfight Tactics,„É¨„ÉÉ„ÉÑ„Ç¥„ÉºÔºÅ„Åó„ÅãÁü•„Çâ„Å™„Åè„Å¶„ÇÇTFT„Åß„Åç„Çì„ÅÆÔºü,k4sen,22200,ËÅû„ÅÑ„Å¶„Å™„ÅÑ„Ç¢„Éâ„Éê„Ç§„ÇπÁ¶ÅÊ≠¢,7,2025-02-24 15:15:56,61100,"Strategy, Card & Board Game",https://static-cdn.jtvnw.net/ttv-boxart/513143-285x380.jpg
235,2025-02-24 15:23:24,IRL,ü§Ø COZY √ñSTERREICH STREAM MIT DEN JUNGS + WINTEROLYMPIADE ü§Ø,Papaplatte,27400,german,9,2025-02-24 15:15:56,49100,IRL,https://static-cdn.jtvnw.net/ttv-boxart/509672-285x380.jpg
236,2025-02-24 15:23:24,IRL,"Winterolympiade mit Kevin, Rewi, Adi und Fibi", + 4 ,27400,guckt,9,2025-02-24 15:15:56,49100,IRL,https://static-cdn.jtvnw.net/ttv-boxart/509672-285x380.jpg
