Timestamp,Category,Stream Title,Channel,Viewers,Tags
2025-02-23 17:19:49,Just Chatting,ğŸ¦‡BATMAN ARKHAM SERIES MARATHONğŸ¦‡*ARKHAM CITY*,KaiCenat,74800,ADHD
2025-02-23 17:19:49,Just Chatting,Ğ¡ĞµĞ¼ĞµĞ¹Ğ½Ñ‹Ğ¹ Ğ¿ÑĞ¸Ñ…Ğ¾Ğ»Ğ¾Ğ³ Ñ Ğ›Ğ°ĞºÑˆĞµÑ€Ğ¸ Ğ“ĞµÑ€Ğ» ğŸ™ğŸ»,buster,34400,English
2025-02-23 17:19:49,Just Chatting,Die Bundestagswahl 2025,Staiy,33800,LOUD
2025-02-23 17:19:49,Just Chatting,PODSUMOWANIE #ZÅ‚oteAntosie,MokrySuchar,22000,AMP
2025-02-23 17:19:49,Just Chatting,Ñ‚Ğ¸ĞºÑ‚Ğ¾Ğº Ğ±Ğ¸Ğ½Ğ³Ğ¾ l !Winline !Ğ¯Ğ !tg,deepins02,21000,Ğ ÑƒÑÑĞºĞ¸Ğ¹
2025-02-23 17:19:49,Just Chatting,ĞŸĞ•ĞĞĞ«Ğ™/ĞŸĞ ĞĞ¡ĞœĞĞ¢Ğ ,sasavot,19400,Deutsch
2025-02-23 17:19:49,Just Chatting,à¼¼ ÂºÙ„ÍŸÂºà¼¼ ÂºÙ„ÍŸÂº( Í¡Â° ÍœÊ– Í¡Â°)ÂºÙ„ÍŸÂº à¼½ÂºÙ„ÍŸÂº à¼½ | Ğ¢Ğ³: t.me/t2xtwitch,T2x2,13700,Politik
2025-02-23 17:19:49,Just Chatting,IRL PARIS CITY ZOO ft. @lonnimatic,PapeSan,12900,Polski
2025-02-23 17:19:49,Just Chatting,LIVE AVEC Emilien des 12 coups de midi et Zerator de TWITCH avant Culture Clash le 28 oÃ¹ ils participeront en duo... //,Etoiles,11600,holidayhoopla
2025-02-23 17:19:49,Just Chatting,âœ… 85% DER DEUTSCHEN WÃ„HLTEN DIESEN STREAM! âœ… und schauten 24/7 auf @GronkhTV â­ !shop !archiv !pc,GRONKH,10600,ADHD
2025-02-23 17:19:49,Just Chatting,ğŸ˜³WAHL2025 | ANTI-GRÃœNEN STREAMğŸ˜³,Dekarldent,9400,Ğ ÑƒÑÑĞºĞ¸Ğ¹
2025-02-23 17:19:49,Just Chatting,Ğ•Ğ”Ğ•Ğœ ĞŸĞĞšĞ£ĞŸĞĞ¢Ğ¬ Ğµ60 !winline,renatko,9100,Ğ ÑƒÑÑĞºĞ¸Ğ¹
2025-02-23 17:19:49,Just Chatting,[NO DELAY] Falcons 0:0 MOUZ PGL Cluj-Napoca 2025 Grand Final | !winline !tg !lis,Dmitry_Lixxx,9000,SASAVOT
2025-02-23 17:19:49,Just Chatting,Reactions & Talks ğŸ”¥ | !goty2025 !Lyora !trikot !iconleague !doku !eligella,eliasn97,8300,Ğ ÑƒÑÑĞºĞ¸Ğ¹
2025-02-23 17:19:49,Just Chatting,ğŸ˜ğŸ¤™ğŸ¿Ğ³Ğ¾Ğ»ÑƒĞ±ÑŒ Ğ²Ğ²ĞµÑ€Ñ… Ğ»ĞµÑ‚ĞµÑ‚ÑŒ Ğ¿Ñ‹Ñ†Ñ Ğ½ĞµÑÑ‚Ğ¸ GAME (ÑĞ¿Ğ¸Ğ´Ñ€Ğ°Ğ½),dangerlyoha,7700,voyage
2025-02-23 17:19:49,Just Chatting,Ğ°Ğ»ÑŒĞ±Ğ¾Ğ¼ Ğ¿Ğ¸Ñ€Ñ‹Ñ‡Ğ° Ğ¸ ĞºÑ€Ğ¸Ğ²Ğ°Ñ Ğ»Ğ¸Ğ½Ğ¸Ñ / ğŸ‘‰ mzlff.tours,mazellovvv,6900,Photographie
2025-02-23 17:19:49,Just Chatting,Ğ—Ğ°Ğ¿Ğ¸ÑÑŒ ĞÑ€ĞºĞµĞ¹Ğ½ 1 ÑĞµĞ·Ğ¾Ğ½ (1-3 ÑĞµÑ€Ğ¸Ğ¸) Ğ±ÑƒĞ´ĞµÑ‚ Ğ½Ğ° Ğ±ÑƒÑÑ‚Ğ¸,Nix,6100,FranÃ§ais
2025-02-23 17:19:49,Just Chatting,Ğ¼Ğ°Ğ»ÑŒÑ‡Ğ¸ĞºĞ¸ Ñ Ğ´Ñ€ ÑÑ‚Ğ¾ Ğ²Ğ°Ğ¼ ğŸŒ¸| !tg !bb,by_Owl,5400,FranÃ§ais
2025-02-23 17:19:49,Just Chatting,Firma Beichtstuhl w/ @Elquaria | !dc !kult !sourire,xRohat,4900,TollerStream
2025-02-23 17:19:49,Just Chatting,3D UPDATE TODAY?! THE BEST ONE EVER?! + YOUR MECHA/ROBOT OVERLORD IS HERE + GS FIGURE OUT! | !gs !plushie !otaku !merch | #VSHOJO,Zentreya,4300,Wirklich
2025-02-23 17:19:49,Just Chatting,ĞºÑƒĞµÑÑ‚ â™¿ /w @enzzai | !tg !yt !winline,ekatze007,4200,Deutsch
2025-02-23 17:19:49,Just Chatting,OPENING KART POKEMON ZA 10000ZÅ || !g4 !pirateswap !steel !dzik !betclic !strona !nagrody,BanduraCartel,3800,hltv
2025-02-23 17:19:49,Just Chatting,"""LET THEM COOK"" ğŸ”¥ğŸ³ 2. Folge von Frank Rosin & Rumathra / GÃ¤ste: Zarbex und Filow !joyn !miele #werbung",Rumathra,3600,ĞšĞ£Ğ Ğ”Ğ˜
2025-02-23 17:19:49,Just Chatting,"Streiten, Zocken, Zweifeln: Der harte Weg ins Kanzleramt | WDR Doku", + 2 ,3500,Ğ ĞµĞ½Ğ°Ñ‚ĞºĞ¾
2025-02-23 17:19:49,Just Chatting,âœ¨WSCHODZÄ„CA GWIAZDAâœ¨ Pogadamy i oglÄ…damy FAMILIADÄ˜ u YOSHIEGO z Moim udziaÅ‚em <3,prinz_live,3300,Ğ ÑƒÑÑĞºĞ¸Ğ¹
2025-02-23 17:19:49,Just Chatting,Kochen mit Frank Rosin! Filow vs. Zarbex,natanzgorzyk,2800,Ğ ÑƒÑÑĞºĞ¸Ğ¹
2025-02-23 17:19:58,Counter-Strike,Astralis - FaZe - PGL Cluj-Napoca 2025 - 3rd Place Decider,PGL,51100,Esports
2025-02-23 17:19:58,Counter-Strike,ğŸ”´FALCONS vs MOUZ [GRAND FINAL] CLUJ NAPOCA 2025ğŸ”´,ohnePixel,37600,English
2025-02-23 17:19:58,Counter-Strike,GRANDE FINAL PGL Cluj-Napoca 2025 - !socio - Siga @Gaules nas redes sociais!,Gaules,15400,Esports
2025-02-23 17:19:58,Counter-Strike,[RU] Falcons [0:0] MOUZ | PGL Cluj-Napoca 2025 Grand Final | Day 3 /w @WorldEdit @mager1337,bySL4M,12700,English
2025-02-23 17:19:58,Counter-Strike,ğŸ”´ Ğ¡ĞœĞĞ¢Ğ Ğ˜Ğœ Ğ¤Ğ˜ĞĞĞ› MOUZ vs Falcons Ğ² 20:50 ğŸ˜±,StRoGo,7200,PortuguÃªs
2025-02-23 17:19:58,Counter-Strike,"[RU] OFFCAST | MOUZ [0:0] Team Falcons | PGL Cluj-Napoca 2025: Finals | BO5 | @jay_tb, @Solaar_06, @cybercracken & @nastyamulla",cs2_paragon_ru,4300,SL4M
2025-02-23 17:19:58,Counter-Strike,Falcons vs MOUZ | Wielki FinaÅ‚ | PGL Cluj-Napoca | DzieÅ„ 8 | reklama | !logitechg !rapidktl,IzakOOO,3800,Ğ ÑƒÑÑĞºĞ¸Ğ¹
2025-02-23 17:19:58,Counter-Strike,"faceit feat mrgh, stompadre, marianoitaliano, matiborek o/ğŸ’¥ !steel !pirateswap !yt !fortuna !g4 !dzik !zajazd",NEEXcsgo,3700,ĞšĞ¸Ğ±ĞµÑ€ÑĞ¿Ğ¾Ñ€Ñ‚
2025-02-23 17:19:58,Counter-Strike,Falcons vs MOUZ | PGL Cluj-Napoca 2025 - Playoffs | com o @move_mind | @ OG SunFlower House,Officialfoxcn,3200,Ğ ÑƒÑÑĞºĞ¸Ğ¹
2025-02-23 17:19:58,Counter-Strike,Falcons vs MOUZ ! PGL Cluj-Napoca 2025 - Playoffs | com o @officialfoxcn | @ OG SunFlower House, with Move_Mind ,3200,Esports
2025-02-23 17:19:58,Counter-Strike,ğŸ”¥ PGL Cluj-Napoca 2025 Finals âœ… Mouz vs Falcons âœ…ğŸ™ï¸ @oonraimo & @sLowiNd ğŸ”¥,Move_Mind,2800,ĞšĞ¸Ğ±ĞµÑ€ÑĞ¿Ğ¾Ñ€Ñ‚
2025-02-23 17:19:58,Counter-Strike,ğŸ† MOUZ v FALCONS ğŸ® PGL Cluj-Napoca 2025 FINAL ğŸ¥— road to 1 million followers ğŸ”, with Officialfoxcn ,2500,Ğ ÑƒÑÑĞºĞ¸Ğ¹
2025-02-23 17:19:58,Counter-Strike,[UA] MOUZ vs Falcons (0:0) BO5 | PGL Cluj-Napoca 2025 - Grand final | by @homer_on_tv & @askaloneo,pelaajatcom,2400,Polski
2025-02-23 17:19:58,Counter-Strike,MOUZ vs Falcons - PGL Cluj-Napoca 2025 - Grande finale !WINAMAX,fl0m,2300,CS2
2025-02-23 17:19:58,Counter-Strike,Ğ£Ñ‡Ñƒ Ğ¸Ğ³Ñ€Ğ°Ñ‚ÑŒ @BarbieGirl,cs2_maincast,2200,csgo
2025-02-23 17:19:58,Counter-Strike,Ğ˜Ğ“Ğ ĞĞ® Ğ¡ Ğ’ĞĞœĞ˜ Ğ¥ĞĞ‘ ZOTIX ACADEMY,KRL_STREAM,2100,Polski
2025-02-23 17:19:58,Counter-Strike,Ñ‡ĞµĞ»Ğ»ĞµĞ½Ğ´Ğ¶ Ñ‚Ğ¾Ğ¿1 Ñ„ĞµĞ¹ÑĞ¸Ñ‚Ğ° w/ @magixxLFF !tg !betboom,leva2k,2000,PortuguÃªs
2025-02-23 17:19:58,Counter-Strike,ğŸš¨CAMPEONES 4 LA PARTIDA ğŸ“‰ğŸš¨ WAOW !todoskins !teclas !keydrop,leha2077legend,1900,PortuguÃªs
2025-02-23 17:19:58,Counter-Strike,â­ï¸ ĞšĞĞ¡Ğ¢Ğ˜Ğœ PGL | FALCONS vs. MOUZ w/ @anastaze @fandercs @bandurka @almazer5 Ğ¯ĞšĞ£Ğ‘ĞĞ’Ğ˜Ğ§,baz1221,1900,Assembly
2025-02-23 17:19:58,Counter-Strike,Falcons vs MOUZ | Ğ¡Ğ¢Ğ Ğ˜Ğœ MANSION | PGL Cluj-Napoca | @anastaze | @pokanoname,bysTaXx,1900,Suomi
2025-02-23 17:19:58,Counter-Strike,ğŸ”¥ MANSION ĞšĞĞ¡Ğ¢ PGL W/ @fandercs @pokanoname @bandurka @almazer5 Ğ¯ĞšĞ£Ğ‘ĞĞ’Ğ˜Ğ§ ğŸ”¥FALCONS vs. MOUZ ğŸ”¥!TG !Ğ¤Ğ Ğ˜Ğ‘Ğ•Ğ¢15Ğš,pokanoname,1900,BEARD
2025-02-23 17:19:58,Counter-Strike,ĞŸĞ•Ğ Ğ’Ğ«Ğ™ Ğ ĞĞ— Ğ˜Ğ“Ğ ĞĞ® Ğ’ ĞšĞĞĞ¢Ğ  Ğ¡Ğ¢Ğ ĞĞ™Ğš !tg !ÑÑ‚Ğ°Ğ²ĞºĞ¸ !Ğ¼ĞµÑ€Ñ‡ !shop, + 2 ,1700,English
2025-02-23 17:19:58,Counter-Strike,ğŸ”¥ CS 2 Training fÃ¼r 50k Turnier ğŸ”¥ !modbewerbung !esn !rocketgames #Werbung ğŸ”¥,fANDERCS,1600,NOTlate
2025-02-23 17:19:58,Counter-Strike,MOUZ vs. Falcons (BO5) | PGL Cluj-Napoca - Gran Final, + 2 ,1400,Pro
2025-02-23 17:19:58,Counter-Strike,[ESP] MOUZ vs. Falcons | Grand Final | PGL Cluj-Napoca 2025 | !fantasy !pgl !partidos | MÃ¡s en @pituherranz,anastaze,1200,Ğ£ĞºÑ€Ğ°Ñ—Ğ½ÑÑŒĞºĞ°
2025-02-23 17:19:58,Counter-Strike,RUSH B vs ESC Gaming ğŸ”¹ Group D Decider ğŸ† CCT Europe S2 â€“ Online Series #19, + 2 ,1100,UA
2025-02-23 17:19:58,Counter-Strike,"ĞŸĞ¾Ğ·Ğ½Ğ°Ğ» ÑĞ°Ğ¼Ğ¾ĞºĞ¾Ğ½Ñ‚Ñ€Ğ¾Ğ»ÑŒ - Faceit ÑĞ¿ÑƒÑÑ‚Ñ 7 Ğ»ĞµÑ‚, Ğ¿ÑƒÑ‚ÑŒ Ğº 10Ğ»Ğ²Ğ» !VOLT !Ğ¼Ñ‹ÑˆÑŒ ğŸŒ„ | !Ğ¢Ğ³",MIRWANA,1000,Ukraine
2025-02-23 17:19:58,Counter-Strike,[NO DELAY] Falcons 0:0 MOUZ PGL Cluj-Napoca 2025 Grand Final Ğ ĞĞ—Ğ«Ğ“Ğ Ğ«Ğ¨ ĞœĞ«Ğ¨ĞšĞ Ğ›ĞĞœĞ—Ğ ğŸ‘‰ !Ñ‚Ğ³ !FonBet !Ğ¼Ğ°Ñ‚Ñ‡ !Ğ»Ğ°ÑÑ‚,Repaz,944,csgo
2025-02-23 17:19:58,Counter-Strike,FALCONS vs. MOUZ ğŸ† | 12H+ STREAM & in BDAY reinfeiern ğŸ¥³ğŸ¾ | !fantasy !holy !farmskins !dm !rambo !csmoney !maps,forg1,751,rigolade
2025-02-23 17:20:07,League of Legends,ğŸ”´LEC PLAYOFFS ELIMINATION WITH THE BOYS - FNC VS BDS // KOI VS GXğŸ”´ !dpmlol !discord !youtube !displate,Caedrel,67200,LCK
2025-02-23 17:20:07,League of Legends,CO STREAM LEC | BDS VS FNC | MKOI VS GX | NOS LO JUGAMOS TODO HOY #WatchLEC,knekro,42900,LEC
2025-02-23 17:20:07,League of Legends,LEC WINTER SPLIT 2025 - FNC vs BDS - ROUND 2 LOWER - BO3,otplol_,33100,LPL
2025-02-23 17:20:07,League of Legends,FNC vs. BDS - 2025 LEC Winter Split Playoffs - Lower Round 2,LEC,26200,English
2025-02-23 17:20:07,League of Legends,ğŸŸ¢FNC vs. BDS - ELIMINATION - Lower Round 2ğŸŸ¢#WatchLEC,Tolkin,11200,Elmejor
2025-02-23 17:20:07,League of Legends,500 PDL OU RIOT,YoDa,9100,Knekrer
2025-02-23 17:20:07,League of Legends,PLAYOFFS 5 - LEC - INVIERNO 2025 - LEAGUE OF LEGENDS,LVPes,5000,EspaÃ±ol
2025-02-23 17:20:07,League of Legends,SUBATHON : JOUR 4 â–¬ TRYHARD LEAGUE - !planning â–¬ 3mn/Sub â–¬ !subgoal,Sardoche,4800,Rarete
2025-02-23 17:20:07,League of Legends,FNC VS BDS AVEC SHEO ET JEZU PLAYOFFS #WatchLEC,TraYtoNlol,4400,FranÃ§ais
2025-02-23 17:20:07,League of Legends,"(559) TODAY, WE CLIMB PAST 700 LP ON SUPPORT",Drututt,4200,Esport
2025-02-23 17:20:07,League of Legends,ğŸ”´ LCK FINAL - GEN x HLE ğŸ”´ ğŸŒ´ Hoje: Final LTA Ã s 16:00 !grupo !bb [RETRANSMISSÃƒO] !status !kbmidl,Baiano,3900,DropsEnabled
2025-02-23 17:20:07,League of Legends,LEC co-stream | Fnatic vs Team BDS | Winter W5 D2 | #WatchLEC | !roglec !merch !chronicles,Xnapycz,2900,English
2025-02-23 17:20:07,League of Legends,20x #1 WoW gamer relaxes with easy 4 button mobile game,Ziqoftw,2800,Esports
2025-02-23 17:20:07,League of Legends,ğŸ“¢ğŸ“¢LEC CO-STREAM LEGENDS FNC vs BDS WINTER PLAYOFFS LETS GOO | #WatchLEC! ğŸ“¢ğŸ“¢ !YOUTUBE !CLIPS !DISCORD !PRIME,Jankos,2700,LPL
2025-02-23 17:20:07,League of Legends,"ğŸ”´Fnatic 0:0 Team BDS (BO3 FEARLESS)ğŸ”´LEC WINTER PLAYOFFS !LECğŸ”´Komentarz: Nervarien, Leo, ZwyrooğŸ”´",Nervarien,2600,Deutsch
2025-02-23 17:20:07,League of Legends,å‹åˆ©ã‚‚æ•—åŒ—ã‚‚çŸ¥ã‚Šé€ƒã’å›ã£ã¦æ¶™ã‚’æµã—ã¦ç”·ã¯ä¸€äººå‰ã«ãªã‚‹ï½—/ã¾ã–ãƒ¼,Kamito_JP,2500,LEC
2025-02-23 17:20:07,League of Legends,LEC ğŸ’¯ğŸ’¯ Co-Stream con LAPROFEZIA: @Terenas PLAYOFF FNC vs BDS #WatchLEC ğŸ’¯ğŸ’¯,Brizz94,2300,English
2025-02-23 17:20:07,League of Legends,LOSER BRACKET FNC vs BDS Costreaming LEC con @brizz94 #WatchLEC, with Terenas ,2300,PortuguÃªs
2025-02-23 17:20:07,League of Legends,ãƒ¨ã‚©ï¼,Terenas,2200,Worlds
2025-02-23 17:20:07,League of Legends,ğŸ”´LEC CO STREAM | BDS vs FNC | LE LOSER EST OUT | BO3 FEARLESS #WatchLEC, with Brizz94 ,1900,EspaÃ±ol
2025-02-23 17:20:07,League of Legends,JUGAMOS CONTRA BDS HOY DÃA DE ELIMINATORIA | FNC vs BDS | FNATIC LEC CO-STREAM | Winter Playoffs Round 2 | #WatchLEC,ã¾ã–ãƒ¼3 (mother3rd),1400,Drop
2025-02-23 17:20:07,League of Legends,"GIANTX vs MKOI , HYPE BO3 | LEC CO STREAM #WatchLEC",Zaboutine,1300,superliga
2025-02-23 17:20:07,League of Legends,20Eçš„æ©Ÿæœƒå°±åœ¨æ˜å¤©asiagodtone 2025/02/23,Esportmaniacos,1300,FranÃ§ais
2025-02-23 17:20:07,League of Legends,"ğŸ’¥ Blabla, React & on joueeeee avec @SkyyartğŸ’¥ !homard",Th3Antonio,1200,Speedrun
2025-02-23 17:20:07,League of Legends,ğŸŸªDNEÅ NÃ PLÃN: EUNE SOLOQ -> PATRICK JANE -> ABATYÅ E04 ğŸŸªTOÄŒKY 22:00 !kdytocky ğŸ° ğŸŸª ğŸŒ !MERKUR 50 FS !bonus 200kÄ ğŸŒ ğŸŸª,äºæ´²çµ±ç¥ (asiagodtonegg3be0),1200,ModeDifficile
2025-02-23 17:20:07,League of Legends,â„ï¸ Ğ¡Ğ¼Ğ¾Ñ‚Ñ€Ğ¸Ğ¼ Ñ‚ÑƒÑ€Ğ¸Ğº?! / Ğ“Ğœ -> 1Ğº Ğ›ĞŸ Ñ 76% WR âœ…! â„ï¸ !Ğ¢Ğ“ / !tierlist (Patch 15.4) / !ĞŸĞ¾ÑĞ¾Ğ²ĞµÑ‚ÑƒĞ¹ - Ğ¸Ğ½Ñ„Ğ° Ğ¾ Ğ›Ğ¾Ğ›Ğµ,LyeGaia,1100,leagueoflegeneds
2025-02-23 17:20:07,League of Legends,ğŸ–¤âœ¨ CHAMP REQUEST SUNDAY !champrequest [EUW] - !newvideo !EU,Opat04,1100,FranÃ§ais
2025-02-23 17:20:07,League of Legends,"UNRANKED TO CHALLENGER SE ENA WEEK DAY 1 ALLIWS 3 MERES STO TIMER . GKAVLATHON DAY 6, !GKAVLATHON . !10% , !GIVEAWAYS",Diamondprox_LoL,1100,famillyguy
2025-02-23 17:20:07,League of Legends,ğŸ”´ Ğ‘Ğ5 Ğ¤Ğ˜ĞĞĞ› Ğ¢Ğ£Ğ ĞĞ˜Ğ Ğ!!! 3 ĞœĞ˜ĞĞ£Ğ¢Ğ« Ğ—ĞĞ”Ğ•Ğ Ğ–ĞšĞ ğŸ”´ !funpay !tg !discord !Ñ‚ÑƒÑ€Ğ½Ğ¸Ñ€,KayPea,1000,Futa
2025-02-23 17:20:15,Dota 2,LIVE: Tundra Esports vs. BetBoom Team - DreamLeague Season 25,ESL_DOTA2,19300,English
2025-02-23 17:20:15,Dota 2,Tundra Esports [0:0] BetBoom Team | DreamLeague S25: Group Stage | BO3 | @Eiritel & @grayne,dota2_paragon_ru,17400,Esports
2025-02-23 17:20:15,Dota 2,[NO DELAY]Tundra Esports [0:0] BetBoom Team | DreamLeague S25: Group Stage | BO3 | @afoninje spoiler=ban,ramzes,14200,Ğ ÑƒÑÑĞºĞ¸Ğ¹
2025-02-23 17:20:15,Dota 2,ĞĞĞ’Ğ«Ğ™ ĞŸĞĞ¢Ğ§ 7.38! ğŸ† ĞĞĞ¨Ğ•Ğ› Ğ˜ĞœĞ‘Ğ£ ĞŸĞĞ¢Ğ§ĞğŸ† Ğ ĞĞ—Ğ«Ğ“Ğ Ğ«Ğ¨ Ğ’ Ğ¢Ğ“!!! Ğ”ĞĞ£Ğ‘Ğ˜ Ğ”ĞĞ£Ğ‘Ğ˜ğŸ†,LenaGol0vach,10500,ĞšĞ¸Ğ±ĞµÑ€ÑĞ¿Ğ¾Ñ€Ñ‚
2025-02-23 17:20:15,Dota 2,[Ğ‘Ğ•Ğ— Ğ—ĞĞ”Ğ•Ğ Ğ–ĞšĞ˜] Chimera Esports vs Team Spirit | DreamLeague S25 GS | !winline !tg !Ğ¼ĞµÑ€Ñ‡ !ĞºĞ¾Ğ¼Ğ¿,just_ns,10100,Ğ´ĞµĞ»Ğ°ĞµĞ¼
2025-02-23 17:20:15,Dota 2,Tundra vs Betboom - Dreamleague S25 - Official co-stream,Gorgc,8500,Ğ ÑƒÑÑĞºĞ¸Ğ¹
2025-02-23 17:20:15,Dota 2,Ğ‘ĞµÑ€Ñ‘Ğ¼ Ğ¢Ğ˜Ğ¢ĞĞĞ !Ñ€Ğ¾Ğ·Ñ‹Ğ³Ñ€Ñ‹Ñˆ !fonbet !mem !sirus,C_a_k_e,4300,Ğ¿Ğ¾Ğ²Ğ¾Ñ€Ğ¾Ñ‚
2025-02-23 17:20:15,Dota 2,DREAMLEAGUE SEASON 25 - GROUPSTAGE 2 -tundra vs betboom - CO STREAM,singsing,4200,Ğ ÑƒÑÑĞºĞ¸Ğ¹
2025-02-23 17:20:15,Dota 2,NEW PATCH! EVERYTHING CHANGED WOW! TRYING EVERYTHING ğŸ›‘BACK TO GRIND ğŸ›‘ 15K ON THE HORIZON ğŸ›‘ !YOUTUBE !IG,qojqva,2600,Ğ ÑƒÑÑĞºĞ¸Ğ¹
2025-02-23 17:20:15,Dota 2,ğŸ«µ ğŸ”´DOTA2 EZ grindğŸ«µ INHOUSE later?ğŸ«µMIGHT PRACTICE WC3 tonight ğŸ«µ HUGE DROPS yesterday ğŸ«µ OPAğŸ«µ,Dendi,2100,English
2025-02-23 17:20:15,Dota 2,avice moment creator | !betboom !Ğ±Ğ¿ !tg,avice,1800,Ğ ÑƒÑÑĞºĞ¸Ğ¹
2025-02-23 17:20:15,Dota 2,[UA] Tundra vs bb (0-0) BO3 | DreamLeague S25 | by @bromket & @goblak333,dota2_maincast,1700,NoBackseating
2025-02-23 17:20:15,Dota 2,TUNDRA x BB - DreamLeague S25 â€“ Fase de Grupos 2 !COACH ğŸ”¥ SUB NÃƒO VE AD !PIX !LOJA !INICIANTES,NS_ART,1600,English
2025-02-23 17:20:15,Dota 2,Ğ½Ğ¾Ğ²Ğ°Ñ Ğ»Ğ¸Ğ³Ğ°,raimzes_66815,1500,English
2025-02-23 17:20:15,Dota 2,ğŸ† ĞĞŸĞĞ•Ğœ 10 000Ğ¼Ğ¼Ñ€ğŸ† ĞĞĞ¨Ğ•Ğ› Ğ˜ĞœĞ‘Ğ£ ĞŸĞĞ¢Ğ§ĞğŸ† ĞĞĞ’Ğ«Ğ™ ĞŸĞĞ¢Ğ§ğŸ† Ğ ĞĞ—Ğ«Ğ“Ğ Ğ«Ğ¨ Ğ’ Ğ¢Ğ“!!! Ğ”ĞĞ£Ğ‘Ğ˜ Ğ”ĞĞ£Ğ‘Ğ˜ğŸ†,LenaGol0vach_46753,1300,English
2025-02-23 17:20:15,Dota 2,à¸à¸±à¸šà¸¡à¸²à¸à¸£à¹‰à¸­à¸¡à¸‚à¸¶à¹‰à¸™Devine à¸à¹ˆà¸­à¸™à¸ªà¸´à¹‰à¸™à¹€à¸”à¸·à¸­à¸™,deknoii888_v2,1300,Ğ ÑƒÑÑĞºĞ¸Ğ¹
2025-02-23 17:20:15,Dota 2,à¸šà¸—à¸—à¸”à¸ªà¸­à¸šà¸‚à¸­à¸‡à¸à¸£à¸°à¹€à¸ˆà¹‰à¸² 9 power of god lf sponsor,dogbrain666,1200,Ğ´Ğ¾Ñ‚Ğ°2
2025-02-23 17:20:15,Dota 2,try your best,w33haa,1200,dota2
2025-02-23 17:20:15,Dota 2,ĞĞ°ÑˆĞµĞ» Ğ¸Ğ¼Ğ±Ñƒ Ğ´Ğ»Ñ Ğ°Ğ¿Ğ¿Ğ° Ñ€ĞµĞ¹Ñ‚Ğ¸Ğ½Ğ³Ğ°âœ…Ğ¡Ğ¼Ñ‹Ğ»Ğ¾ Ğ¸Ğ· Ğ»ĞµÑĞ°ğŸ˜± !tg !7tv âœ…,mistercop,1100,Maincast
2025-02-23 17:20:15,Dota 2,Absolute âœ… Ğ¢ĞĞŸ 9 Ğ¼Ğ¸Ñ€Ğ° âœ… Ñ Ğ½Ğµ Ğ³ÑƒĞ»ÑŒ âœ… !bb !tg !song !ĞºÑ€ĞµÑĞ»Ğ¾,absolut3,954,UA
2025-02-23 17:20:15,Dota 2,16600 Ğ˜Ğ“Ğ ĞĞš Ğ‘Ğ Ğ£Ğ”Ğ ĞĞ§Ğ•ĞĞ¬ Ğ¡Ğ˜Ğ›Ğ¬ĞĞĞ¯(ĞœĞĞ•ĞĞ˜Ğ•)50k ÑĞ°Ğ±Ğ¾Ğ² Ğ²ĞµĞ±ĞºĞ° top1(2) (16600 gameplay) Ğ¿Ğ¾Ñ‡ĞµĞ¼Ñƒ Ğ³Ğ¾Ğ»Ğ¾Ñ ĞºĞ°Ğº Ñƒ ÑÑ‚Ğ¾Ñ€Ğ¾???,mangekyou_14,776,dota
2025-02-23 17:20:15,Dota 2,Tundra Esports vs BB Team [Bo3] | DreamLeague S25 - GROUP STAGE 2,ESB_Dota2,638,leagueoflegeneds
2025-02-23 17:20:15,Dota 2,ĞĞ• Ğ§Ğ¡Ğ’ â•Ğ˜Ğ“Ğ ĞĞ® Ğ’Ğ•Ğ¡Ğ•Ğ›Ğ â• ĞĞ• Ğ“ĞĞ Ğ® â• 7Ğš Ğ‘Ğ•Ğ Ğ•Ğ¢Ğ¡Ğ¯ â• ĞĞ• ĞĞĞ® â•!tg !ÑĞ±Ğ¾Ñ€ĞºĞ°,qwinkiii,514,PortuguÃªs
2025-02-23 17:20:15,Dota 2,ğŸ‡§ğŸ‡· AO VIVO: Tundra Esports vs. BetBoom Team - DreamLeague S25 - Fase de Grupos 2 - @pattyfaria_ e @taynerous,BTSBrasilTV,512,Ğ ÑƒÑÑĞºĞ¸Ğ¹
2025-02-23 17:20:15,Dota 2,DOTA 2 STREAM â¤ï¸ ĞĞ• ĞšĞĞ§ĞĞ® Ğ£Ğ›Ğ¬Ğ¢ ğŸ”¥ Ğ ĞĞœĞŸĞĞ“Ğ Ğ’ ĞšĞĞ–Ğ”ĞĞ™ Ğ˜Ğ“Ğ Ğ• ğŸ”¥,XADZON,470,Ğ ÑƒÑÑĞºĞ¸Ğ¹
2025-02-23 17:20:15,Dota 2,Ğ¸Ğ³Ñ€Ğ° Ğ±ĞµĞ· Ğ¼Ğ¸Ğ´Ğ°ÑĞ° = Ğ²Ñ€ĞµĞ¼Ñ Ğ½Ğ° Ğ²ĞµÑ‚ĞµÑ€,AMOR_ED,453,à¸ à¸²à¸©à¸²à¹„à¸—à¸¢
2025-02-23 17:20:15,Dota 2,ĞĞ½Ğ°Ğ»Ğ¸Ğ·Ğ¸Ñ€ÑƒĞµĞ¼ ÑĞ°Ğ¼Ñ‹Ğ¹ Ñ‡Ğ¸Ñ‚Ğ°ĞµĞ¼Ñ‹Ğ¹ Ğ¿Ğ°Ñ‚Ñ‡ Ğ½Ğ° DreamLeaguse s25 Ñ @bzzisperfect,MantaQ,418,à¹„à¸—à¸¢
2025-02-23 17:20:15,Dota 2,Tundra Esports vs BetBoom - DreamLeague Season 25 GS 2 | !esl for main stream,olagheparande,384,à¸ à¸²à¸©à¸²à¹„à¸—à¸¢
2025-02-23 17:20:15,Dota 2,[FIL] Chimera vs Team Spirit (BO3) | DreamLeague S25 - Groupstage 2,kuyanicwxc,372,English
2025-02-23 17:20:24,Grand Theft Auto V,ãªã—ã¾ãã‚“,å¶ã¡ã‚ƒã‚“ã­ã‚‹ (kanae_2434),33200,æ—¥æœ¬èª
2025-02-23 17:20:24,Grand Theft Auto V,ã‚¹ãƒˆã‚°ãƒ©338æ—¥ï½osoï½,ãƒ•ã‚¡ãƒ³å¤ª (fantasista_jp),12200,æ—¥æœ¬èª
2025-02-23 17:20:24,Grand Theft Auto V,ã‚¹ãƒˆã‚°ãƒ©524æ—¥ç›® å°å³¯ã‚Œã„/ãƒã‚¤ãƒ©ã‚¤ãƒˆ,FOXRABBIT,4400,é›‘è«‡
2025-02-23 17:20:24,Grand Theft Auto V,#ã‚¹ãƒˆã‚°ãƒ©ï½œç¾½å±±ãƒšãƒ†ã‚£ 194æ—¥ç›®,æ —å±±ã‚„ã‚“ã¿ (yanmidayo),4400,ã‚¹ãƒˆãƒªãƒ¼ãƒˆãƒ•ã‚¡ã‚¤ã‚¿ãƒ¼6
2025-02-23 17:20:24,Grand Theft Auto V,112æ—¥ç›® ã‚¸ãƒ§ã‚·ãƒ¥ã‚¢ â†’ çµ‚æœ«ã®è§’åˆˆã‚Š,åˆ‡å˜› (kiruma_ch),4200,fps
2025-02-23 17:20:24,Grand Theft Auto V,SpainRP - Isidoro (El 29 empezamos AMPLIABLE),imantado,2600,æ—¥æœ¬èª
2025-02-23 17:20:24,Grand Theft Auto V,Sjukstuga ğŸ¤§ cyrusbonus.seğŸ’°,CyrusTWO,2200,ã‚¹ãƒˆã‚°ãƒ©
2025-02-23 17:20:24,Grand Theft Auto V,Ramee | ProdigyRP,Ramee,2100,é³©ç¦æ­¢
2025-02-23 17:20:24,Grand Theft Auto V,#ã‚¹ãƒˆã‚°ãƒ© ã€ç¾½å±±ãƒ‘ãƒ†ã‚£ã€‘ ã‚„ã‚‹ãã˜ã‚…ã†ã¶ã‚“ï¼ 2/23,å¤©ç¾½ã‚ˆã¤ã¯ (yochuco),1800,ãƒ¦ãƒ‹ãƒ™ãƒ­ã‚¹
2025-02-23 17:20:24,Grand Theft Auto V,ã€ã‚¹ãƒˆã‚°ãƒ©ã€‘å–‰ï¼˜å‰²æ²»,ã“ã‚‹ãºã‚“ (kolu_pen),1800,SKE
2025-02-23 17:20:24,Grand Theft Auto V,ğŸ’› [LuckyV.de] Ich habe Angst vor heute. || GTA Roleplay || !server !prep !discord,Heideltraut,1600,ã‚¹ãƒˆã‚°ãƒ©
2025-02-23 17:20:24,Grand Theft Auto V,[NYX] POSZUKIWANIA KONFIDENTA - WAITING ROOM NA KAMERKE | !g4 !steel !dzik #ad #WspÃ³Å‚praca,Fatek_,1400,æ—¥æœ¬èª
2025-02-23 17:20:24,Grand Theft Auto V,| IMPERO | PRIMI PUNTI | REACT ALLE POSTAZIONI | !sub !prime !discord,iDensTv,1300,Vtuber
2025-02-23 17:20:24,Grand Theft Auto V,Abdul - TAXI AND POG SQUAD - !PRP PurpleRP !YouTube !Discord !instagram !NoPixel !Time2 !Time2RP #ad,AbdulHD,1200,æ—¥æœ¬èª
2025-02-23 17:20:24,Grand Theft Auto V,à¸›à¸£à¸°à¸à¸­à¸šà¸„à¸­à¸¡à¸—à¸µà¹ˆ iHAVECPU à¸£à¸±à¸šà¸£à¸­à¸‡à¹„à¸¡à¹ˆà¸¡à¸µà¸œà¸´à¸”à¸«à¸§à¸±à¸‡,iHAVECPU,1100,tortillaland
2025-02-23 17:20:24,Grand Theft Auto V,PACO E CHUPETINHO,DeqiuV,1100,tortillaland2
2025-02-23 17:20:24,Grand Theft Auto V,â­GTA 5 RPâ­GRAPESEEDâ­PROMO UDOCHKAâ­,udka1337_,1000,SpainRP
2025-02-23 17:20:24,Grand Theft Auto V,ã€ã‚¹ãƒˆã‚°ãƒ©ã€‘ãƒã‚¯ãƒŠãƒ„ãƒ¡è¦–ç‚¹ 415æ—¥ ãƒãƒ¼ãƒªãƒŸè¦–ç‚¹,ãªã¤ã‚å…ˆç”Ÿãƒãƒ£ãƒ³ãƒãƒ« (natsume_sennsei),987,Boomer
2025-02-23 17:20:24,Grand Theft Auto V,[NARCOCITY] 24ER @jerzy !âš¡ !MODPACK âš¡ !OPERAâš¡ !DISCORDâš¡ !BOBBYCOINSâš¡!GOâš¡ !RAUB âš¡ â‰ á´¡á´‡Ê€Ê™á´œÉ´É¢,JERZY,946,Svenska
2025-02-23 17:20:24,Grand Theft Auto V,ä¿ºã¯ãƒãƒ¼ãƒãƒ©ã‚¹ã®Qã‚’ã‹ã‚ã›ãªã„ã€‚Qã«å¼•ã£å¼µã‚‰ã‚ŒãŸç¬é–“ã€MFã®ã‚¦ãƒ«ãƒˆãŒé£›ã‚“ã§ãã¦ç¢ºæ®ºã‚³ãƒ³ãƒœã‚’é ‚ã„ã¦ã—ã¾ã†ã€‚å‘³æ–¹ã‚¸ãƒ£ãƒ³ã‚°ãƒ«ã¯æ—©ã€…ã«ãƒœãƒƒãƒˆãƒ¬ãƒ¼ãƒ³ã‚’æ¨ã¦ã€æ•µã‚¸ãƒ£ãƒ³ã‚°ãƒ«ã¯ãƒœãƒƒãƒˆãƒ¬ãƒ¼ãƒ³ã®è‚²æˆã‚’æ±ºæ„ã€‚ãã†ã—ã¦ä¿ºãŒè‚²ã¦ãŸæ•µãŒãƒŸãƒƒãƒ‰ãƒ¬ãƒ¼ãƒ³ã«é€²å‡ºã—å…¨ã¦ã‚’ç ´å£Šã™ã‚‹ã€‚ä»Šæ—¥ã‚‚æ£®ã«ã¯å†·ãŸã„é¢¨ãŒå¹ã,ã‘ã£ã¤ã‚“ (kettuncyukyuhei),912,ASMR
2025-02-23 17:20:24,Grand Theft Auto V,Ğ˜Ğ³Ñ€Ğ°Ñ,L4HMADJU,781,English
2025-02-23 17:20:24,Grand Theft Auto V,ğŸ”¥ DAY 8 UNCAPPED !SUBATHON ğŸ”¥ OFFICER RAYCARDO FLICK | LSPD -> MARVEL RIVALS CHARITY TOURNAMENT -> RAYMOND ğŸ”¥ !socials,Ray__C,776,æ—¥æœ¬èª
2025-02-23 17:20:24,Grand Theft Auto V,#ã‚¹ãƒˆã‚°ãƒ© ã€Dr.ã‚®ã‚¬ã€‘Day199ã€Œæ—¥æ›œæ—¥ã®ç§‘å­¦è€…ã€,ã‘ãƒ¼ã‚ã„ãˆã™æ‰€é•· (kysshocho),771,ã‚¹ãƒˆã‚°ãƒ©
2025-02-23 17:20:24,Grand Theft Auto V,474,bacter1a_,746,ãƒ­ãƒ¼ãƒ«ãƒ—ãƒ¬ã‚¤
2025-02-23 17:20:24,Grand Theft Auto V,ã€æ­ªé ­ã€‘2/23 å®‰å…¨åˆ°å®¶ !YT,æˆ‘å¤§æ­ªé ­ (waitou1117),728,æ—¥æœ¬èª
2025-02-23 17:20:24,Grand Theft Auto V,domingou com d de?,hermano,724,Deutsch
2025-02-23 17:20:24,Grand Theft Auto V,à¸à¹ˆà¸­à¸™à¸ˆà¸°à¹€à¸‚à¹‰à¸²à¹€à¸¡à¸·à¸­à¸‡à¸à¹‡,Patiizz,719,gta5rp
2025-02-23 17:20:24,Grand Theft Auto V,Walker raggar NPCer ğŸ˜ Delin i Lost? ğŸ’€ Dags fÃ¶r sparken snart? ğŸ‘®â€â™‚ï¸ | !12hx3 !socials !idkort,Maccanzz,705,rainbowsixsiege
2025-02-23 17:20:24,Grand Theft Auto V,IREEN JANE | à¸«à¸±à¸§à¹ƒà¸ˆà¸‚à¸­à¸‡à¹€à¸£à¸²à¸¢à¸±à¸‡à¸­à¸¢à¸¹à¹ˆà¸”à¸µà¸¡à¸±à¹‰à¸¢ . . #AAA #BABYB #à¸à¸¸à¸”à¸”à¸´à¹‰à¸‡bbb #à¹„à¸­à¸£à¸µà¸™à¹€à¸ˆà¸™ #hogworlds,poyeunha,647,Polski
2025-02-23 17:20:24,Grand Theft Auto V,à¸œà¸¹à¹‰à¸„à¸™à¸«à¸¥à¸²à¸à¸«à¸¥à¸²à¸¢ but you look #yinyang,CareBearCH,604,aktorstwogÅ‚osowe
2025-02-23 17:20:34,VALORANT,VALOæ¥µã‚ã‚‹,åŠ è—¤ç´”ä¸€ã†ã‚“ã€‡ã¡ã‚ƒã‚“ (kato_junichi0817),17300,æ—¥æœ¬èª
2025-02-23 17:20:34,VALORANT,ğŸ”´SEN COSPLAY IN RANKED ğŸ”´,TenZ,12100,FPS
2025-02-23 17:20:34,VALORANT,ğŸ”¥ OTAKAR WATCHPARTY ğŸ”¥,StarWraith,10400,Anime
2025-02-23 17:20:34,VALORANT,CUARTOS DE FINAL // PLAY CORDOBA GENERATION CUP // OTAKAR ESPORTS vs NGU ESPORTS, + 2 ,10400,English
2025-02-23 17:20:34,VALORANT,"[ES] OTAKAR vs NGU eSport - Playoffs Circuito Tromenta, clasificaciÃ³n a CÃ³rdoba",SrVarete,10400,EspaÃ±ol
2025-02-23 17:20:34,VALORANT,è² ã‘ãŸã‚‰å³çµ‚äº†ã€‚ã‚¬ãƒã‚½ãƒ­VALOã€‚, + 2 ,5100,pequeÃ±ostream
2025-02-23 17:20:34,VALORANT,I <3 VALORANT,Mixwell,3600,LATAMyEspaÃ±a
2025-02-23 17:20:34,VALORANT,ğŸ¥€ #1 FREE AGENT CLIMBS RADIANT RANKED ğŸ¥€ DAY 292/366 ğŸ¥€ @SubrozaVOD 24/7 Channel ğŸ¥€ !discord, + 2 ,2900,valorant
2025-02-23 17:20:34,VALORANT,RANKED FIRE DUO Q !socials !premier !finalmouse,æŸŠãƒ„ãƒ«ã‚® (hiiragitsurugi),2600,watchparty
2025-02-23 17:20:34,VALORANT,Ğ¡Ğ£ĞŸĞ•Ğ ĞœĞ­Ğ !TG,Kyedae,2100,EspaÃ±ol
2025-02-23 17:20:34,VALORANT,rank w/kobe,Subroza,1600,GTA5
2025-02-23 17:20:34,VALORANT,morning ranked,ScreaM,1600,ã‚¨ãƒ«ãƒ‡ãƒ³ãƒªãƒ³ã‚°
2025-02-23 17:20:34,VALORANT,ãŠã¯2,anil4pengvin,1400,é›‘è«‡
2025-02-23 17:20:34,VALORANT,ZurÃ¼ck nach IMMORTAL ğŸ”¥ | VCT Knife !giveaway ğŸ”¥| !holy !steelseries !video !opera !spieltag,neth3,1200,Valo
2025-02-23 17:20:34,VALORANT,miau Mejorando en el aim mas o menos,joshseki,1000,English
2025-02-23 17:20:34,VALORANT,é™°è¬€ãƒ´ã‚¡ãƒ­â†’è¬ã®ãƒ•ãƒ«ãƒ‘,Bijusan,916,uggo
2025-02-23 17:20:34,VALORANT,âœ¨Dude,Attix,793,valorant
2025-02-23 17:20:34,VALORANT,ãƒ•ãƒ«ãƒ‘ã‚³ãƒ³ãƒš,viizzzm,692,professional
2025-02-23 17:20:34,VALORANT,rolling ranked / !vid,ã™ã‚‹ãŒãƒ¢ãƒ³ã‚­ãƒ¼ (surugamonkey0113),676,pro
2025-02-23 17:20:34,VALORANT,DomingÃ£o da PaulÃ£o | Sorteio pros subs 19h | !BetBoom !Soldiers !Samsung !Boticario,Slaaal,637,Belgium
2025-02-23 17:20:34,VALORANT,ğŸ†GO TOP 1 RADIANT - RANKEDSğŸ†!aim @Horcus,tttcheekyttt,616,brotherman
2025-02-23 17:20:34,VALORANT,"R,RANK",mimimimichaela,548,English
2025-02-23 17:20:34,VALORANT,degen valorant to fix my sleep schedule | !socials,paulanobre,540,Ğ ÑƒÑÑĞºĞ¸Ğ¹
2025-02-23 17:20:34,VALORANT,!meta ğŸ§Š MONOSAGE RADIANTE BINGULZ MUROS PAREDES WALLS BRICKS TIJOLOS CIMENTO PEDREIRO ğŸ§Š !Video !Pix Siga @Bingulz ğŸ§Š,Horcus,508,æ—¥æœ¬èª
2025-02-23 17:20:34,VALORANT,subathoooon dia 9 - +18 cdanjos !meta !sociais !pix,y_tk_07,489,Radiant
2025-02-23 17:20:34,VALORANT,FERRO AO RADIANTE 60 HZ E PERIFÃ‰RICOS BARATOS! | !mentora !liveyt !pix !tipspace,NoiaVAL,464,Korean
2025-02-23 17:20:34,VALORANT,+18 - QUE MRD PASO CON SENTINELS !david !partidos !1win,Bingulz,449,ClosedCaptions
2025-02-23 17:20:34,VALORANT,LIVE UNTIL STAGE 1,beatriz,433,æ—¥æœ¬èª
2025-02-23 17:20:34,VALORANT,ğŸ”´ BLOQUER EN ASCENSEUR 3 .........,lulavlr,409,Fortnite
2025-02-23 17:20:34,VALORANT,DROPS ğŸ’œT1 vs TE / TL vs SEN ğŸ’œ â€” VALORANT Masters Bangkok â€¼ï¸#MastersCostream // !redes !tiktok !donate,vela,289,VALORANT
2025-02-23 17:20:43,Rocket League,Geekay Esports vs Redemption | RLCS 2025 | Birmingham Open #3 | EU | Playoffs | Quarterfinals | Championship Sunday,RocketLeague,24400,Esports
2025-02-23 17:20:43,Rocket League,RLCS WATCH PARTY w / @squishymuffinz @alphakep,paraapelka,16700,DropsEnabled
2025-02-23 17:20:43,Rocket League,Geekay vs Redemption - RLCS Europe Open #3 Playoffs,RocketBaguette,13200,English
2025-02-23 17:20:43,Rocket League,ãƒ­ã‚±ãƒªã‚’æ¥½ã—ã‚€ 17æ—¥ç›®,ãŸã„ã˜_ãŸã„ã¡ã‚ƒã‚“ã­ã‚‹ (yaritaiji),9600,DropsEnabled
2025-02-23 17:20:43,Rocket League,ãƒãƒ¼ã‚µã‚¹ç·´ç¿’,å¸ƒå›£ã¡ã‚ƒã‚“ã¨ç”³ã—ã¾ã™ (indegnasen0706),5900,Ğ ÑƒÑÑĞºĞ¸Ğ¹
2025-02-23 17:20:43,Rocket League,[DROPS] Vitality vs Karmine 19H | !bracket | !Intel | !HelloFresh,FuuRy_Off,4200,English
2025-02-23 17:20:43,Rocket League,âœ…x99 DROPS ONâœ…ğŸ”´OFFICIAL RLCS EU WATCH PARTYğŸ”´w/ @AlphaKep ğŸ›‘SUB FOR NO ADSğŸ›‘ğŸ¯!Wheel,AlphaKep,3800,FranÃ§ais
2025-02-23 17:20:43,Rocket League,"RLCS TIME - KC 19H - Watchparty dans l'amour et la bonne humeur, un mur de coeur dans le chat !eklr",KennyStream,3000,Esports
2025-02-23 17:20:43,Rocket League,RLCS VIEWING PARTY: EU TOP 6 !holy !eswap2 !heart #ad,Rasmelthor,2900,DropsActivÃ©s
2025-02-23 17:20:43,Rocket League,ãƒ­ã‚±ãƒª,ã‚ã£ã•ã‚Šã—ã‚‡ã“ãƒ¼ (assarisyoko1),2100,æ—¥æœ¬èª
2025-02-23 17:20:43,Rocket League,[ğŸ”´Drops ON] FINALES Regional 3 Europa ğŸ† Dignitas a por el REGIONAL ğŸ† !RLCS !Bracket !Drops,Rosdri_Twitch,1500,ãŸã„ã˜
2025-02-23 17:20:43,Rocket League,âœ…MAX DROPS ONâœ…ğŸš¨OFFICIAL EU RLCS WATCH PARTY THEN RLCS QUALS @7PM EST WORLD CHAMPION POV ğŸš¨ FOLLOW ME @SquishyMuffinz,SquishyMuffinz,1200,æ—¥æœ¬èª
2025-02-23 17:20:43,Rocket League,MAX DROPS ONâœ…OFFICIAL EU RLCS GRAND FINALS WATCH PARTY!ğŸš¨| SUB FOR NO ADS | !discord for stream and life updates!,TenacityTv,702,FranÃ§ais
2025-02-23 17:20:43,Rocket League,"[RLCS DROP] GRIND RLCS 1V1, WATCHPARTY FINALE EUROPE | !coaching !youtube",FairyPeak,669,DropsActivÃ©s
2025-02-23 17:20:43,Rocket League,âœ…DROPS -ğŸ”¥EU RLCS WATCH PARTYğŸ”¥| TWITCH PLAYS WoW PRE-GAME !tier1 !pp,Feer,618,pro
2025-02-23 17:20:43,Rocket League,RLCS DROPS ON âœ… ADS OFF âœ… GRAND FINALS TODAY âœ… SSG DAY 3 LATER âœ… !sponsors,chiefbeef_rl,616,legend
2025-02-23 17:20:43,Rocket League,[PL] RLCS 2025 | Birmingham Major | Europe Open 3 | DzieÅ„ 2,polsatgames,532,DropsEnabled
2025-02-23 17:20:43,Rocket League,âœ…DROPS ONâœ…|ğŸ”¥EU OPEN #3 TOP 6ğŸ”¥|âŒNO PRE-ROLL ADSâŒ| !tts,JamaicanCoconut,510,FranÃ§ais
2025-02-23 17:20:43,Rocket League,EU WATCH PARTY,Firstkiller,462,hardcoreclassicwow
2025-02-23 17:20:43,Rocket League,"âœ…ğŸ†x99 NEW DROPSğŸ†âœ… WATCHPARTY RLCS EU !BRACKET | DIA 75 DO !SUBATHON | code ""FIREWALL154"" na loja | !subs !pix",Firewall154,461,rocketleague
2025-02-23 17:20:43,Rocket League,DROPS ACTIVADOS! ğŸ”´ FINALES DE LA RLCS DE EU| !Drops | CÃ³digo DUALVIEW | !eneba | !AIM | !canales | !donar,DualViewYT,452,æ—¥æœ¬èª
2025-02-23 17:20:43,Rocket League,1VS1 en attendant KC VS VITA (WATCH PARTY DERNIER JOUR RLCS),GaspowRL,394,rocketleague
2025-02-23 17:20:43,Rocket League,ğŸ”´ [DROPS] [ESP] Redemption vs. Geekay Esports | Cuartos | EU Hybrid Bracket | Championship Sunday | Birmingham Major Open #3 | RLCS 2025,RocketStreetLive,292,DropsActivados
2025-02-23 17:20:43,Rocket League,Ù†ØªÙØ±Ø¬ Ù†Ù‡Ø§Ø¦ÙŠØ§Øª Ø§ÙˆØ±ÙˆØ¨Ø§,crespor,264,English
2025-02-23 17:20:43,Rocket League,âœ…DROPS ON ALPHA BOOST! âœ…| RLCS DIGNITAS WATCH PARTY! | NEW !YOUTUBE VIDEO LIVE!,Jorhdys,227,worldchampion
2025-02-23 17:20:43,Rocket League,âœ… DROPS X 999âœ… 12 HR STREAM | NEW !youtube VIDEO OUT,Athena,176,English
2025-02-23 17:20:43,Rocket League,RLCS EU Watch party | Ù†ØªÙØ±Ø¬ Ù†Ù‡Ø§Ø¦ÙŠ Ø§ÙˆØ±ÙˆØ¨Ø§ ğŸ¦â€â¬› #AlwaysVision,iR2veN,144,DropsEnabled
2025-02-23 17:20:43,Rocket League,(DROPS ON!) #1 HYPE RLCS WATCH PARTY! !factor,BasiliskRL,121,competition
2025-02-23 17:20:43,Rocket League,Juste Pour Le Fun,VautourLeger,101,Pro
2025-02-23 17:20:43,Rocket League,1s til rank 1,kyunic,99,FranÃ§ais
2025-02-23 17:20:54,Fortnite,Road to top 10 Global! SpÃ¤ter React! | !Telekom !Tickets !pizza !chips !ESN !LevlUp !Headset,Trymacs,10800,Deutsch
2025-02-23 17:20:54,Fortnite,125â‚¬ PRO KILL VIEWER 1v1s um 18:00 auf meiner 1v1 !map | Creator Code: rezon7 | !tulpar !crosshair !map,rezonfn,7700,Deutsch
2025-02-23 17:20:54,Fortnite,FN NEW SEASON GRIND | NOBLE 24/7 | 2X FNCS WINNER | !shirt !org !argonpads !eor !dc,vicotryona,2200,Deutsch
2025-02-23 17:20:54,Fortnite,"BIRTHDAY AND FRONT PAGE STREAM | Use Code ""myth1c"" #ad | !youtube !discord !twitter",myth1c,2200,BattleRoyale
2025-02-23 17:20:54,Fortnite,WATCHING EU PRO SCRIMS - NEW TRIOS AND DROPS,CoachBoop,2000,myth1c
2025-02-23 17:20:54,Fortnite,YOUR FAV DUO (@swearin),dakotaz,1700,mythic
2025-02-23 17:20:54,Fortnite,ğŸ”¥NOBLES FULL TRYHARD W/ NEWS TRIOğŸ† | !sub !prime,buzzftn,1700,FNCS
2025-02-23 17:20:54,Fortnite,new season pro customs | 2x fncs winner | !twitter !fncsvid !res !mod,FlickzyV2,1600,Boop
2025-02-23 17:20:54,Fortnite,Zero Build SOLO VS SQUADS !shop | Use Code: Prospering #EpicPartner,Prospering,1600,English
2025-02-23 17:20:54,Fortnite,Trio FNCS Practice 24/7 - Fortnite Chapter 6 Season 2,pizfn,1100,Broadcast
2025-02-23 17:20:54,Fortnite,ğŸ”¥ NOBLE 24/7 | GRIND EOR DAY 10 | 2Ã¨me MOIS 70/30 (255/300) | !solary !socials !discord !bf ğŸ”¥,flokito_,1100,sarcastic
2025-02-23 17:20:54,Fortnite,NEW SEASON CUSTOMS GRIND,NAKOO_Fn,1100,english
2025-02-23 17:20:54,Fortnite,"*NEW* Fortnite Chapter 6 Season 2! ğŸŸ¢Use Code ""FAZEREPLAYS"" #adğŸŸ¢GOD IS GOOD!",Replays,956,handsome
2025-02-23 17:20:54,Fortnite,ğŸ”¥ CONSIGUIENDO EL PICO DE RANKEDS en la NUEVA TEMPORADAğŸ”¥ | CÃ³digo Vicens en la Tienda ğŸ˜,Vicens,914,FranÃ§ais
2025-02-23 17:20:54,Fortnite,Just watch today (best gamer) day 2,montanatony92,868,Fortnite
2025-02-23 17:20:54,Fortnite,TORNEO IN SOLO ORE 18:00 | MARATONA DAY 3 OGGI UNREAL !macchina !clip !dnsty | !scuf !PC !sub !prime !primemobile,NeZaK_,752,Deutsch
2025-02-23 17:20:54,Fortnite,ğŸ”¥ GRIND NOBLE 24/7 W/CLEMENT ET FLOKI ğŸ”¥!sub !prime !sensi,artskill,647,English
2025-02-23 17:20:54,Fortnite,ğŸ’…#1 RANKED FEMALE WORLDWIDEğŸ‘GIANT GYATTğŸ‘USE CODE LUSTğŸ‘‘ASMRğŸ‘‘!CROSSHAIRğŸ‘‘SPANISH/ENG/GERMANğŸ‘‘!ORGğŸ‘‘,MRLUST,627,fortnite
2025-02-23 17:20:54,Fortnite,NEUE FORTNITE SEASON ğŸ«¡ !ig !contest !awards,Huebi,591,PIZ
2025-02-23 17:20:54,Fortnite,ğŸŸ¢FORTNITE SEASON 2 w @Wutzi AM SONNTAG ğŸŸ¢|CC: DAVENITE âš¡,DaveNite,576,Italiano
2025-02-23 17:20:54,Fortnite,âš ï¸17.30 FNCS TRIO PRO CUSTOMâš ï¸| @myketv !corsair,MykeTV,556,FranÃ§ais
2025-02-23 17:20:54,Fortnite,ğŸ”´ GRINDING DAYS ğŸ”´ NEW SEASON DE A KÃ“D A RÃ‰GI ğŸ”´ UJ MONITOR ğŸ”´ !sonar ğŸ”´ USE CODE FAKI #ad ğŸ”´,Jordanfaki,519,EspaÃ±ol
2025-02-23 17:20:54,Fortnite,Learning to LOVE this season | Duo's w/ @dakotaz,Swearin,516,Fortnite
2025-02-23 17:20:54,Fortnite,ğŸ†PRO SCRIMSğŸ†#13 fncs grands $17.400ğŸ† | !map !insta,Gripey,486,English
2025-02-23 17:20:54,Fortnite,ğŸ”´ PP TRIO STACK AVEC VOUS ( TRAIN FNCS DIVISION ) ğŸ”´ !holy !OperaGX !ban !pp !70 !mvz,revenja_fn,479,FamilyFriendly
2025-02-23 17:20:54,Fortnite,!video | 17:30 NOBLE | !discord !prozis !org !vantaggi !updates,predagefn,450,Fortnite
2025-02-23 17:20:54,Fortnite,ğŸš¨ 24 HOUR STREAM! NEW FORTNITE SEASON LETS GOO RANKED TIMEğŸ”¥9.4FT GOAT IS GAMINGğŸ”¥ !yt !maps !prime !discord,HaloBT,444,EspaÃ±ol
2025-02-23 17:20:54,Fortnite,â›¹ğŸ½â€â™‚ï¸ #BallUpTop,Sadi,361,English
2025-02-23 17:20:54,Fortnite,NEW SEASON IS HERE | USE CODE BUSHCAMPDAD #AD,BushCampDad,349,Italiano
2025-02-23 17:20:54,Fortnite,Donathon Day 10/30 we here come check in #Factor75partner,RealDwick,248,FranÃ§ais
2025-02-23 17:21:04,Marvel Rivals,NEW RIVALS SEASON 1.5!!!! - !MarvelRivals - #AD,tarik,10100,DropsEnabled
2025-02-23 17:21:04,Marvel Rivals,[DROPS ON] SEASON 1.5 UPDATE ON MARVEL RIVALS | ROAD TO ETERNITY | THE WORST ULTS IN MARVEL RIVALS,Nadeshot,6500,English
2025-02-23 17:21:04,Marvel Rivals,[DROPS] grinding with the thing !gg !video !drops,bogur,4300,DropsEnabled
2025-02-23 17:21:04,Marvel Rivals,Marvel Rivals Invitational 2025 ASIA Day 2(UTC+9),MarvelRivals,3200,Nadeshot
2025-02-23 17:21:04,Marvel Rivals,[DROPS ENABLED] MIDSEASON IS HERE!!ğŸ›‘ WE HIT TOP 200 ğŸ›‘ ETERNITY ğŸ›‘ ğŸ›‘ WORLDS LARGEST BEAK ğŸ›‘,Symfuhny,2900,English
2025-02-23 17:21:04,Marvel Rivals,ğŸ”¥!Drops **FRONT PAGE** @Regiskillbin on KnowhereğŸ”¥Giveaways (LOTS)ğŸ”¥Gold pass in Lake!,ObiHaved,1800,English
2025-02-23 17:21:04,Marvel Rivals,[DROPS]TOP 50 GAMERğŸ˜¤NEW PATCHğŸ˜ITS CLOBBERING TIMEğŸ˜ ONE ABOVE ALL GAMING | !video !guide !tierlist !cosplay,TeamCaptain001,1700,DropsEnabled
2025-02-23 17:21:04,Marvel Rivals,(DROPS) HITTING TOP 500 TODAY (RERUN) !mrank,FaZeSway,1500,silly
2025-02-23 17:21:04,Marvel Rivals,ĞŸÑ€Ğ¾Ğ±ÑƒĞµĞ¼ Ğ½Ğ¾Ğ²Ñ‹Ñ… Ğ³ĞµÑ€Ğ¾ĞµĞ² Ğ´Ğ»Ñ Ñ€ĞµĞ¹Ñ‚Ğ¸Ğ½Ğ³Ğ°,tJ_sk1per,1200,6v6
2025-02-23 17:21:04,Marvel Rivals,[DROPS ENABLED] FORMER RANK 1 GOES CRAZY IN RANKED,kragiee,1000,marvelrivals
2025-02-23 17:21:04,Marvel Rivals,[ğŸ”´!DROPS] #1 DAGGER | ONE ABOVE ALL GRIND ğŸ—¡ï¸ â†’ LONG STREAM,kayjii,1000,DropsEnabled
2025-02-23 17:21:04,Marvel Rivals,The GTARP Marvel Rivals Charity League | Week 4/4 - Day 3/3 | !charity TO DONATE | !website | HELP US REACH OUR 10k GOAL !donate,Capped,875,holidayhoopla
2025-02-23 17:21:04,Marvel Rivals,24/7 MARVEL RIVALS (TIMTHETATMAN FUNNIEST MOMENTS),TimTheTatmanVODs,792,English
2025-02-23 17:21:04,Marvel Rivals,!DROPS // ğŸ”¥ Human Torch ğŸ”¥ // Eternity Peak,Kephrii,703,Giveaways
2025-02-23 17:21:04,Marvel Rivals,æ¼«å¨çˆ­é‹’ 1.5 è³½å­£ çˆ¬è¬ç‰©,ç¾å¥³ (zondalol),644,Podcast
2025-02-23 17:21:04,Marvel Rivals,ğŸŸ£CHARITY TOURNEYğŸŸ£CELESTIAL ğŸŸ£ @ladydima | !discord,LadyDima,631,DropsEnabled
2025-02-23 17:21:04,Marvel Rivals,ã€é›‘è«‡ãƒ»Marvel Rivalsã€‘ã‚‚ã£ã¨æ—©ãé…ä¿¡ä»˜ã‘ãŸã‹ã£ãŸï¼ï¼#VShojoNOVA #ãƒ˜ã‚¹ãƒ†ã‚£ã‚¢ã‚‰ã„ã¶,HestiaHappiness,588,Sexyboy
2025-02-23 17:21:04,Marvel Rivals,[DROPS] ALTRA GIORNATA DI META' SEASON! FINALISSIMA LUNEDI' ORE 21:00 | !finalissima !nordvpn !sub !prime !NOVO,POW3R,587,ï½–tuber
2025-02-23 17:21:04,Marvel Rivals,#sponsored [DROPS AKTIV âœ…] Neue Gratis Items und Marvel Rivals Mid Season Update,HeyStan,464,DropsEnabled
2025-02-23 17:21:04,Marvel Rivals,DROPS Ğ¾Ğ±Ğ½Ğ¾Ğ²Ğ° Ğ¸ Ñ‚ĞµĞ¿ĞµÑ€ÑŒ Ñ Ğ±Ğ¾ĞºÑĞµÑ€ !ds !tg,larem1n,446,English
2025-02-23 17:21:04,Marvel Rivals,24/7 MARVEL RIVALS (SINATRAA GREATEST MOMENTS),sinatraavod,383,DropsEnabled
2025-02-23 17:21:04,Marvel Rivals,#sponsored Marvel Rivals Bounty,Wardiii,339,sosal
2025-02-23 17:21:04,Marvel Rivals,drops >< top 200 2 accs solo q demon strategist luna invis rocket cnd (bucky is hot) !discord !socials,evafps,334,English
2025-02-23 17:21:04,Marvel Rivals,DROPS. RANK 3 GOING FOR 1,THump,327,FantasticFour
2025-02-23 17:21:04,Marvel Rivals,[DROPS] #1 FEMALE TORCH MAINğŸ—¡â¤ Lord Torch incoming â™¡ !TORCH !kofi âœ§Ë–Â°âœ§Ë–Â°âœ§Ë–Â°,tsubunnii,289,English
2025-02-23 17:21:04,Marvel Rivals,[ âœ… !drops ] d1 suppo noob // !socials !daily (êˆá´—êˆ) â™¡,renniesaurus,279,DropsEnabled
2025-02-23 17:21:04,Marvel Rivals,slightly sick â€¢ tonk enjoyer â€¢ surely not forced to heal, with OkCode ,279,English
2025-02-23 17:21:04,Marvel Rivals,#sponsored Marvel Rivals,OkCode,268,Top500
2025-02-23 17:21:04,Marvel Rivals,OMG SOLO PLAT CARRYğŸ‰!MortalRiteğŸ‰!LostcastleğŸ‰!DixperğŸ‰ğŸ‰ğŸ‰!Blerp Mediashare$3/TTS$2, with renniesaurus ,259,Educational
2025-02-23 17:21:13,World of Warcraft,ONLYFANGS - GETTING 60 AND PREPARING FOR MONDAY RAID ON MY PRIEST (FIRST TIME HEALING),sunglitters,5900,potatoes
2025-02-23 17:21:13,World of Warcraft,ğŸ”´ğŸ’€ ğŸ’€HARDCORE #1 ON SERVER ğŸ’€ <WASHED UP>,MitchJones,4300,English
2025-02-23 17:21:13,World of Warcraft,ğŸ’€<ONLYFANGS> 20 MAN ONY/MC CLEARED HARDCORE CLASSIC ğŸ’€ !guide,JokerdTV,4300,German
2025-02-23 17:21:13,World of Warcraft,<Echo> PTR M+ !UI RWF ANNOUNCEMENT NOW !RWF,GingiTV,3700,Hardcore
2025-02-23 17:21:13,World of Warcraft,wow hardcore (go again) - dia 10,jujalag,2200,seasonofdiscovery
2025-02-23 17:21:13,World of Warcraft,Mud Hut Clan MAK GORA TOURNAMENT,Savix,2100,English
2025-02-23 17:21:13,World of Warcraft,ğŸ’€GO AGAIN HCğŸ’€ğŸ¹EMPEZAMOS ALTER HOY: HUNTERğŸ¹ğŸ’€ !soulseeker,HawnkTV,1600,MMORPG
2025-02-23 17:21:13,World of Warcraft,HARDCORE LVL 54 avec @luuxia [NO CAM] | !label !boutique !patreon !vero,Ponce,1400,English
2025-02-23 17:21:13,World of Warcraft,!DROPS TUESğŸ“ˆ11.1 IN 2 DAYS!ğŸ“ˆSCUFFED TIERLISTâš”ï¸P.R.E.P TANKS ALL THE INFOâš”ï¸!KCD2 !ADV !ORIGIN !CORSAIRâš”ï¸eBayâš”ï¸YOTY DAY 55,Towelliee,991,Malvado
2025-02-23 17:21:13,World of Warcraft,HOY ME ACERCO AL EQUIPO,littleragergirl,988,Villano
2025-02-23 17:21:13,World of Warcraft,"<Project> Back with 2nd place, time for some PTR !UI Updated for season 2!!! !meta",kiratank_tv,965,EspaÃ±ol
2025-02-23 17:21:13,World of Warcraft,!shakes ğŸ’° Gold - ğŸ› ï¸ Berufe - ğŸš€ğŸ’›!levlup !shakes #ad #WoW_Partner #sponsored,GoldGoblinNET,961,Worldofwarcraft
2025-02-23 17:21:13,World of Warcraft,<OnlyFangs> - goon morning :3 !socials,Ari_n3ko,875,Europe
2025-02-23 17:21:13,World of Warcraft,RETAIL STREAMER=CRINGE. new season in few days time to lock in! is ww MONK good in s2?(maybe new alt hmm),pilavpowa,803,korean
2025-02-23 17:21:13,World of Warcraft,[Multi Glad PvP] 2V2 TOP LADDER | Nouvelle vidÃ©o â€“ !11.1 !social !holy,haynetv,766,EspaÃ±ol
2025-02-23 17:21:13,World of Warcraft,Ğ¢Ğ¸Ñ€Ğ»Ğ¸ÑÑ‚ ÑĞµĞ³Ğ¾Ğ´Ğ½Ñ Ğ² 19:00 PTR keys !boosty !funpay !circle !tg !discord !ui !Ğ¾Ğ±ÑƒÑ‡ĞµĞ½Ğ¸Ğµ,Rasl,766,wow
2025-02-23 17:21:13,World of Warcraft,MDR Moadmoad - Season 1 TGP and MDI champion! Some PTR keys on MW,Moadmoad,751,SoD
2025-02-23 17:21:13,World of Warcraft,BIG ANNONCE A 18Hï½œ!holy,Cruelladk,693,sud
2025-02-23 17:21:13,World of Warcraft,<GO AGAIN> ğŸLA CABRAğŸLA MADRE QUE LA PARIÃ“ğŸEL MONTACABRAS REALğŸGIGA LEVELINGğŸQUIZÃS ES MOMENTO DE PREPARAR ALTER PARA AYUDARğŸ,SouzaCarlosTV,689,FranÃ§ais
2025-02-23 17:21:13,World of Warcraft,ğŸ’€ğŸ²DRAGON SOUL HC GDKPğŸ’€ğŸ²ğŸ”¥ x2 MOLTEN CORE on Warrior+HunterğŸ”¥!Discord !Guide !DEATHBRINGER !DEATHBRINGER2,Prefoxfox,635,cigales
2025-02-23 17:21:13,World of Warcraft,<GO AGAIN> #1 PALA Lvl 46 Hardcore. Hoy minimo lvl 48 seria GOD !HelloFresh ğŸ”¥!addons,ElOjoNinja,578,indÃ©
2025-02-23 17:21:13,World of Warcraft,hola un cafÃ©???? Â°â˜†.Â¸(â—•â€¿â—•).â˜†Â° - si te perdiste el wow : !youtube,Pandarina,575,PvE
2025-02-23 17:21:13,World of Warcraft,<GO AGAIN> TOCA EMPEZAR CON DUNGEOSAN DE VERDAD Â¡RECTA FINAL! | !CASTIGO !SORTEAZO,Phobyac,568,TheWarWithin
2025-02-23 17:21:13,World of Warcraft,<GO AGAIN> Ãšltimos 8 niveles Â¡TEMPLO SUMERGIDO! | WoW Classic Hardcore, + 3 ,568,PvETank
2025-02-23 17:21:13,World of Warcraft,<Heart and Soul> Yes I'm !dead. Bring it back! !apply !FastAF #doomhowl #HC #WoWClassic #Druid #Hunter,DodoRexy,528,EspaÃ±ol
2025-02-23 17:21:13,World of Warcraft,<Echo> <OnlyFangs> ELEMENTAL R1 DONE?! Shuffling till 3s on diff toons!, + 3 ,524,WorldofWarcraft
2025-02-23 17:21:13,World of Warcraft,SF MAK'GORA !TOURNEY TODAY!ğŸ’€BIG !DRAMA ONLYFANGSğŸ’€0 DEATH MC !RAIDğŸ’€ HARDCORE PVPâš”ï¸HUNTER ROGUE WAR MAGE NIGHTSLAYER SPINESHATTER,Fourleaf_TV,509,thewarwithinbeta
2025-02-23 17:21:13,World of Warcraft,<Go Again> Priest LunytağŸ§™â€â™€ï¸ lvl 37,Whaazz,477,wow
2025-02-23 17:21:13,World of Warcraft,#11 <GO AGAIN> Uarrises - Guarro Lv 37 ğŸ˜±,Payo,477,raffle
2025-02-23 17:21:13,World of Warcraft,âœ¦ Ğ˜Ğ³Ñ€Ğ°Ğ¹ Ğ±ĞµÑĞ¿Ğ»Ğ°Ñ‚Ğ½Ğ¾ Ğ½Ğ° Ñ…1 !Ğ²Ğ¾Ğ² âœ¦ !Ğ²Ğ¸Ğ½Ğ»Ğ°Ğ¹Ğ½ âœ¦ !Ğ·Ğ°Ğ¿Ğ¸ÑĞ¸ Ğ½Ğ° !Ğ±ÑƒÑÑ‚Ğ¸,Ahriadna,473,mmo
2025-02-23 17:21:20,Kings League,Porcinos FC vs. 1K FC ğŸ‘‘ JORNADA 2 - Kings League Spain âš½ #KINGSLEAGUEJ2,kingsleague,20300,EspaÃ±ol
2025-02-23 17:21:20,Kings League,2Âª JORNADA KINGS LEAGUE | 15:00 RAY - XBU | 16:00 JIJ - ELB | 17:00 SAI - KUN | 18:00 POR - 1K | 19:00 TRO - PIO | 20:00 MOS - ANI,DjMaRiiO,14000,KingsWorldCup
2025-02-23 17:21:20,Kings League,PORCINISMO EN VENA - J2 vs 1k,GUANYAR,9100,FINALFOUR
2025-02-23 17:21:20,Kings League,E' IL RITMO DEALLE COESE,ManuuXO,8800,EspaÃ±ol
2025-02-23 17:21:20,Kings League,JORNADA KL ESPAÃ‘A + ANIQUILADORES FC ğŸ†š ULTIMATE MÃ“STOLES + REENCUENTRO DE LEONARDO CON SAMARA ğŸ’€,juansguarnizo,8400,FC
2025-02-23 17:21:20,Kings League,KINGS LEAGUE ğŸ† RAYO DE BARCELONA VS xBuyer Team,Spursito,4100,EspaÃ±ol
2025-02-23 17:21:20,Kings League,ME VOY A BRASIL ğŸ‡§ğŸ‡· SAIYANS VS KUNI DESDE EL CUPRA ARENA ğŸ§¡ğŸ’™,TheGrefg,3800,adhd
2025-02-23 17:21:20,Kings League,1K vs PORCINOS DESDE EL CUPRA,Baptistao,1800,IRL
2025-02-23 17:21:20,Kings League,(AO VIVO) Porcinos FC x 1K FC ğŸ‘‘ JORNADA 2 KINGS LEAGUE Espanha - !livepix !youtube !neshastore !ggdrop !planilha,velhovamp,1000,femboy
2025-02-23 17:21:20,Kings League,ğŸ‘‘REACCIONAMOS J2 KINGS LEAGUE(Sin imagen)ğŸ‘‘PREVIA QUEENS LEAGUE CON VINYET DE PÃOğŸ‘‘,dobleboa,22,depression
2025-02-23 17:21:20,Kings League,ğŸ‘‘âš½âš½âš½ KINGS LEAGUE SPAIN âš½âš½âš½ğŸ‘‘ | | ğŸ”´ JORNADA 2 - 2025 ğŸ”´ | | SPLIT 5 | |,Serneim,3,EspaÃ±ol
2025-02-23 17:21:20,Kings League,Kings League Spain - JORNADA 2ğŸ‘‘,pixelpalaadin,0,EspaÃ±ol
2025-02-23 17:21:20,Kings League,JORNADA 2 DE LA KINGS LEAGUE,200iqonasier,0,thegrefg
2025-02-23 17:21:28,Minecraft,Pokerayou en lÃ©gende,Gotaga,7400,FranÃ§ais
2025-02-23 17:21:28,Minecraft,OBJECTIF 800 POKEMON / POKERAYOU ACADEMY Jour 6 - !holy !planning,Nikof,3300,Nikof
2025-02-23 17:21:28,Minecraft,POKERAYOU ACADEMY SUR MINECRAFT,Gom4rt,3000,Pokemon
2025-02-23 17:21:28,Minecraft,"POKERAYOU ACADEMY | Le Grand Quiz (avec Etoiles, Aypierre, Guep, ...) Ã  20H",TheGuill84,2500,M8WIN
2025-02-23 17:21:28,Minecraft,ğŸ’¥ Ğ¢Ğ˜Ğ Ğ›Ğ˜Ğ¡Ğ¢ Ğ¯Ğ˜Ğ¦ ğŸ’¥ PepeLand 9 Ğ”ĞµĞ½ÑŒ 62 !ÑĞµÑ€Ğ²ĞµÑ€ https://t.me/pwgood,PWGood,2000,FranÃ§ais
2025-02-23 17:21:28,Minecraft,ğŸ”¥ MINECRAFT GRIND ğŸ”¥ LIVARPOOL HATE WATCH ğŸ”¥ BRO IS BACK ğŸ”¥ ELITE VIBES ğŸ”¥ DONT MENTION ARSENAL ğŸ”¥,NYKchazza,1500,FranÃ§ais
2025-02-23 17:21:28,Minecraft,VÅ ICHNI JSME PRO DEMOKATRICKÃ SOUDNÃ SYSTÃ‰M NA KOLE,MarweX,1300,Guill
2025-02-23 17:21:28,Minecraft,!TCGSMP DAY 1 - type ABOBALEGDEH or ur banned !tcgsmp,Hrry,984,TheGuill84
2025-02-23 17:21:28,Minecraft,Et cette ArÃ¨ne sinon ? | POKERAYOU (20H SOIREE QUIZZ DE GUEP) !prog !pokerayou !serveur,JimmyBoyyy,818,Minecraft
2025-02-23 17:21:28,Minecraft,FINISHING 250 NO RESET SPLIT TODAY (20 SPEEDRUNS) | !plush Is out yippee!! | CHARITY STUFF TOMORROW !aha | Sponsor later !monopolygo #ad,Couriway,818,Ğ ÑƒÑÑĞºĞ¸Ğ¹
2025-02-23 17:21:28,Minecraft,SOBREVIVIENDO AL MUNDO MAS SILENCIOSO de MINECRAFT! #1 DIRECTO,Willyrex,660,English
2025-02-23 17:21:28,Minecraft,The Nia Yearns for the Mines | Skyblock,SR_NiaPolitan,608,ÄŒeÅ¡tina
2025-02-23 17:21:28,Minecraft,"More hardcore skyblock, no more deth pls | !Stancord | Minecraft", + 4 ,608,English
2025-02-23 17:21:28,Minecraft,"Can we Get To The End Tonight and Complete this Game? Hardcore Minecraft, we die we forfit to come back! | Gamble Pokemon Cards On! |",SR_stancat123,608,pogstreamer
2025-02-23 17:21:28,Minecraft,Can We Finish Skyblock?? | Minecraft, + 4 ,608,badtts
2025-02-23 17:21:28,Minecraft,Minecraft Skyblock HC - Death = One shoot xD,SR_BigBoaby,608,aigri
2025-02-23 17:21:28,Minecraft,ğŸ”¥STREAM ENDER IKKE FÃ˜R !MINECRAFT HARDCORE ER FULLFÃ˜RT PT2ğŸ”¥ !suba !5k !steelseries, + 4 ,522,chill
2025-02-23 17:21:28,Minecraft,Ğ˜ÑĞºÑ€ĞµĞ½Ğ¾ ÑĞµ Ğ½Ğ°Ğ´ÑĞ²Ğ°Ğ¼ Ğ´Ğ½ĞµÑ Ğ´Ğ° Ğµ Ñ…ÑƒĞ±Ğ°Ğ² SKYBLOCK Ğ´ĞµĞ½!!! [Ğ“Ğ¾Ğ´Ğ¸Ğ½Ğ° 12 Ğ¡Ñ‚Ñ€Ğ¸Ğ¹Ğ¼ 046],SR_Kaif,519,JimmyBoy
2025-02-23 17:21:28,Minecraft,POKERAYOU - Le Barde jour 1 !, + 4 ,398,Luiji
2025-02-23 17:21:28,Minecraft,Ğ¯ Ğ¾Ñ„Ğ¸Ñ†Ğ¸Ğ°Ğ»ÑŒĞ½Ğ¾ Ğ¡Ğ’ĞĞ‘ĞĞ”Ğ•Ğ Ğ¾Ñ‚ ĞĞ•Ğ™Ğ ĞĞ¡Ğ£Ğ”Ğ (Ğ½Ñƒ Ğ¿Ğ¾Ñ‡Ñ‚Ğ¸) ğŸ¤”ğŸ¤”ğŸ¤” | ĞœĞ¨4 | !Ğ°Ñ€Ñ‚Ñ‹,SazarJr,360,speedrun
2025-02-23 17:21:28,Minecraft,Finishing the Lifesteal Hungergames Arena, + 4 ,347,Speedrun
2025-02-23 17:21:28,Minecraft,Minecraft | Ğ”Ğ¾ÑÑ‚Ñ€Ğ°Ğ¸Ğ²Ğ°ĞµĞ¼ Ğ‘Ğ°Ğ·Ñƒ | HardTech 1.20.1 â€¢ McSkill NEXTEAM,detoo,337,couriway
2025-02-23 17:21:28,Minecraft,ESCAPE ROOM -> PIZZA ONLY UP - !award !holy #werbung,Aethelthryth,316,EspaÃ±ol
2025-02-23 17:21:28,Minecraft,PIXATON DIA 9- DOMINGO DE ???,Lutti,281,BackPackBackTrack
2025-02-23 17:21:28,Minecraft,ĞœĞĞ™ĞĞšĞ ĞĞ¤Ğ¢ Ğ¥ĞĞ Ğ ĞĞ  Ğ¡Ğ‘ĞĞ ĞšĞ Ğ¡ ĞœĞĞĞ’Ğ•Ğ ĞĞœ Ğ—Ğ”Ğ ĞĞ’Ğ¡Ğ¢Ğ’Ğ£Ğ™Ğ¢Ğ•,JustS_js,277,English
2025-02-23 17:21:28,Minecraft,"Mathokens contre un speedrun !setseed de lÃ©gende, une affaire en or",PangiAlt,268,girl
2025-02-23 17:21:28,Minecraft,ĞœĞĞ¡Ğ¢ Ğ´Ğ»Ñ ĞœĞ¾Ğ´Ğ´Ğ¸ ğŸ Ğ—ĞĞ’Ğ¢Ğ Ğ Ğ½Ğ°Ñ‡Ğ°Ğ»Ğ¾ Ğ²Ğ°Ñ€Ğ¸Ñ‚Ğ¸-Ğ½ĞµĞ´ĞµĞ»Ğ¸ ğŸ“ˆ ĞœĞ°Ğ¹Ğ½Ğ¨Ğ¸Ğ»Ğ´ IV,Elliemerald,252,Vtuber
2025-02-23 17:21:28,Minecraft,KoloSMP: Odplata pokraÄuje!,Fuxelbau,246,English
2025-02-23 17:21:28,Minecraft,NOMIC: I keep you company while playing minecraft with only music & ambience. !newplaylist !fragment,Dede,236,NoBackseating
2025-02-23 17:21:28,Minecraft,POKÃ‰RAYOU / presque personne sur le serv c'est le moment de rattraper les tryhardeurs,Monver_,210,GodGamer
2025-02-23 17:21:37,World of Tanks,*Drops* OLS S2 FINALS!,WorldofTanks,25000,English
2025-02-23 17:21:37,World of Tanks,MYSTERY DROP ON | OLS Playoffs Finale mit @mailand @fr3ddy kommentieren!,Chessgenie,6000,DropsEnabled
2025-02-23 17:21:37,World of Tanks,ğŸDROPSğŸOnslaugh Finals | !holzkern !la, + 2 ,6000,Deutsch
2025-02-23 17:21:37,World of Tanks,ğŸ”¥MYSTERY DROPS ONğŸ”¥ 24h+ STREAM ğŸ”¥!Plan - SO VIEL CONTENTğŸ”¥GÃ¶nnt euch !nyfter mit Code FRDDYğŸ”¥,mailand,6000,DropsAktiviert
2025-02-23 17:21:37,World of Tanks,ğŸNOWE X2 RZADKIE DROPY na CZOÅGI PREMIUM od 16:00ğŸ LIGA 7VS7 WOT !ft !steel !pirateswap !sts !akcja, + 2 ,4300,panzer
2025-02-23 17:21:37,World of Tanks,ğŸx2 MYSTERY !DROPY NA CZOÅGI PREMIUM t6 i t8 - OLS (7v7) ğŸKOMENTUJE 7v7!ğŸ!FT !LVBET !STEEL !HW !YTğŸ,Fr3ddy,3700,action
2025-02-23 17:21:37,World of Tanks,ğŸ”¥ğŸ”¥DUPLADROPP 16:00-ğŸ”¥ğŸ”¥ || OLS NAGY DÃ–NTÅÅK || ESTE SEDOS MEGMOUDULÃS+CASI (!Shadowcasi), + 2 ,1300,realtalk
2025-02-23 17:21:37,World of Tanks,ğŸ”¥2x REJTÃ‰LYES ROHAM TOKEN !DROPOK 16 Ã“RÃTÃ“LğŸ”¥CHAT PARANCSOKâ–¶ï¸!MENU â€¢ !BOOSTEROID â€¢ !COD,NewMultiShow,1300,mailand
2025-02-23 17:21:37,World of Tanks,ĞĞ§Ğ•ĞĞ¬ Ğ¡Ğ¢Ğ ĞĞĞĞ«Ğ™ Ğ’ĞšĞ£Ğ¡ Ğ˜ Ğ—ĞĞŸĞĞ¥ - Ğ”ĞĞ‘ĞĞ’Ğ­ - Ğ’Ğ ĞĞ“ Ğ‘Ğ£Ğ”Ğ•Ğ¢ ĞĞĞšĞĞ—ĞĞ,cyganzor,548,PvP
2025-02-23 17:21:37,World of Tanks,"âœ…ğŸ†MISTERY OLSğŸ”¥2x !DropsğŸOLS2 & OLF2 Grandes Finales, Oficial Castellano + Domingo troll + sorteazos(?!)(53++)",Shadow_TheLoneWolf,495,WorldofTanks
2025-02-23 17:21:37,World of Tanks,!DROPS! Ğ“Ğ ĞĞĞ” Ğ¤Ğ†ĞĞĞ› OLS 2 | Ğ¥Ğ¢Ğ Ğ– Ğ—ĞĞ‘Ğ•Ğ Ğ• ĞŸĞ•Ğ Ğ¨Ğ• ĞœĞ†Ğ¡Ğ¦Ğ• Ğ† Ğ‘Ğ£Ğ”Ğ• Ğ§Ğ•ĞœĞŸĞ†ĞĞĞĞœ, with MrScheff ,489,simulation
2025-02-23 17:21:37,World of Tanks,â— ONSLAUGHT DROPS â— ONSLAUGHT LEGENDS SERIES - SEASON 2 | Ğ“Ğ ĞĞĞ” Ğ¤Ğ†ĞĞĞ› - ĞšĞĞœĞ•ĞĞ¢Ğ£Ğ® Ğ ĞĞ—ĞĞœ Ğ— @SKIFler_WOT â—,MrScheff,460,DropyWÅ‚Ä…czone
2025-02-23 17:21:37,World of Tanks,DROPSâœ…Watching replaysğŸš¨!giveawayğŸš¨ !moe âš ï¸!clanâš ï¸, with Shadow_TheLoneWolf ,288,Polski
2025-02-23 17:21:37,World of Tanks,ğŸ !DROPS ON ğŸğŸ€ Road T1 -> T10 en F2P (â—grind) [Nouveau compte] ğŸ€ [10h00-??h??] ğŸ€ â—CW â—Cmd â—rambo â—modo â—10500 #ad,KorbenDetka,266,WorldofTanks
2025-02-23 17:21:37,World of Tanks,World of Tanks Sunday Gameplay on [NA],jXcr,263,DropyWÅ‚Ä…czone
2025-02-23 17:21:37,World of Tanks,[FAME] DBV-152 â˜†â˜†â˜† #224,sh0kerix,245,wot
2025-02-23 17:21:37,World of Tanks,ğŸ”´LIVE |â­BIRTHDAY STREAMâ­|ğŸ”¥!DROPSğŸ”¥|ğŸ1 !sub = 1 squatğŸ| !inst !tg,Bizzord_WOT,226,shadowthelonewolf
2025-02-23 17:21:37,World of Tanks,DROPS â¤ï¸Ğ¡ ĞŸĞ ĞĞ—Ğ”ĞĞ˜ĞšĞĞœ ĞœĞ£Ğ–Ğ˜ĞšĞ˜! !drops !gta !Ñ…Ğ¾Ñ‡ÑƒÑĞºĞ¸Ğ½ !donate !pc !tg !tts list !Ñ…Ğ¾Ñ‡ÑƒÑĞºĞ¸Ğ½ !donate !ÑĞµÑ€Ğ²ĞµÑ€,God_Pack,184,wot
2025-02-23 17:21:37,World of Tanks,ğŸºDROPSğŸºAnsturm ZweitaccountğŸºDailys aufm Autoaim AccountğŸºUrlaub vom 01.03. bis 04.03ğŸº,Remi_iD,156,Magyar
2025-02-23 17:21:37,World of Tanks,NedÄ›lnÃ­ tank requesty za vÄ›rnostnÃ­ body | KrÃ¡snÃ½ vÃ­kend vÅ¡em!,z_a_v_i_a_n,149,Magyar
2025-02-23 17:21:37,World of Tanks,ğŸ”´ LIVE ğŸ›  FALTA 2 MISSÃƒO PARA O 260 ğŸ’» TIER-âŒğŸ€!PIXğŸ€â­!VIPâ­,ScatterW,131,DropokengedÃ©lyezve
2025-02-23 17:21:37,World of Tanks,Marks & Credits (Ger/Eng),samiyka,129,WorldofTanks
2025-02-23 17:21:37,World of Tanks,ğŸ”¥OLS SPECIAL DROPSğŸ”¥[TRIGG] [BOBERS] OLS 2 dÃ¶ntÅ‘ / Szombaton OLS 3 Quali !lakas !bobers,F1EXTOR,119,Ğ ÑƒÑÑĞºĞ¸Ğ¹
2025-02-23 17:21:37,World of Tanks,ğŸ¥¤DROPY NA CAMOğŸ¥¤Ogladamy finaÅ‚y ğŸ¥¤!PARTNER !tiktok !PL ustawienia !sr !eq !polowe,AzumDzumHzumS,117,korben
2025-02-23 17:21:37,World of Tanks,SchovÃ¡vÃ¡m se pÅ™ed desÃ­tkovÃ½m MM,Eda007,111,JcJ
2025-02-23 17:21:37,World of Tanks,ğŸ”¥ WEEKEND Z TheWeekend ğŸ”¥ OSTATNI DZIEN ONSLOT ğŸ”¥OGLADAMY FINAÅY LIGI ğŸ˜Š,BrunoMalloy,100,drops
2025-02-23 17:21:37,World of Tanks,ĞšĞĞœĞ•ĞĞ¢Ğ£Ğ® Ğ“Ğ ĞĞĞ”-Ğ¤Ğ†ĞĞĞ› Onslaught Legends Series - Season 2 | #vgostiua #wot_ua,Alpen___,75,English
2025-02-23 17:21:37,World of Tanks,â„ï¸ !DROPS â„ï¸DBV-152 marks !LiveYT|| !chief !moe !yt,Dani2999_,70,felicesfiestas
2025-02-23 17:21:37,World of Tanks,ã€WOTå…¬èªCCã€‘é¤¡é¤¡é¤¡ã®WOTæ”¾é€ï¼ˆãŠã£ã•ã‚“ç³»Vãƒ©ã‚¤ãƒãƒ¼) ãƒ“ãƒ¼ãƒ«ã¨ãƒ†ã‚£ã‚¢5-8,czaaakii,51,Ğ£ĞšĞ ĞĞ‡ĞĞ¡Ğ¬ĞšĞ˜Ğ™Ğ¡Ğ¢Ğ Ğ†ĞœĞ¢ĞĞĞšĞ†Ğ’
2025-02-23 17:21:37,World of Tanks,[Drops] SchÃ¶nen Sonntag gewÃ¼nscht =),BasterdBari,50,drops
2025-02-23 17:21:45,Overwatch 2,[!DROPS AND !SAS ENABLED] OVERWATCH 2 SEASON 15 IS OUT NOW! !gamersupps,Emongg,9000,DropsEnabled
2025-02-23 17:21:45,Overwatch 2,ğŸ”´ !DROPS !SAS ğŸ”´ GIFT 2 SUBS FOR TRACER SKIN ğŸ”´ PERKS ARE HERE ğŸ”´,mL7support,5900,English
2025-02-23 17:21:45,Overwatch 2,âœ…DROPS SKIN MEIâœ…GEOGUESSR con CAROLA y BUSCANDO VUELOS BARATOS GRACIAS A KIWI.COM #ad,Toniki,3900,Ana
2025-02-23 17:21:45,Overwatch 2,[!DROPS + SAS] TOP 500 DPS GRINDING 25 WINS FOR top500 in 1 week,NEUU,3800,marvelrivals
2025-02-23 17:21:45,Overwatch 2,VERSUSã®ç·´ç¿’ OW,SPYGEA,2800,gaming
2025-02-23 17:21:45,Overwatch 2,[Rerun] OWCS Korea LCQ and some random rubbish. IT IS A RERUN,Unter,1400,DPS
2025-02-23 17:21:45,Overwatch 2,ã€Dropsæœ‰åŠ¹ã€‘OWã‚„ã‚‹ãï¼,TQQ999_,967,ranked
2025-02-23 17:21:45,Overwatch 2,[!DROP FASTER] Overwatch 2.5! 5 !LOOTBOX FREE! !Sorteio Creditos e Creditos! !eternus !Passefree,Cooruja,849,competitivo
2025-02-23 17:21:45,Overwatch 2,ğŸ¸!DROPSğŸ¸ & ğŸGIFTğŸLe grind continue | !MERCH - !holzkern - !perks,Poko,842,English
2025-02-23 17:21:45,Overwatch 2,ğŸ”´ [!DROPS + !SAS ON] ğŸ”´ !NEWVID Mercy and Juno Perks!! !rainy !rivals | !mercyhelp,Skiesti,520,DropsEnabled
2025-02-23 17:21:45,Overwatch 2,!DROPS & !SAS âœ¿ SWIFTEST KIRIKO POV âœ¿ !OPERAGX,cowfee,513,Dropsæœ‰åŠ¹
2025-02-23 17:21:45,Overwatch 2,ã‚½ãƒ­ãƒ©ãƒ³ã‚¯,ã‚¿ãƒ«ãƒ¬ãƒŸã‚¨ãƒ© (tallemi_ella),431,æ—¥æœ¬èª
2025-02-23 17:21:45,Overwatch 2,ğ™™ğ™§ğ™¤ğ™¥ğ™¨ âœ… ğ™¢ğ™šğ™§ğ™˜ğ™® ğ™¢ğ™–ğ™ğ™£ ğŸ‡ â‚“â‚’â‹†:Â°*,eleyzhau,387,ComfortStreamer
2025-02-23 17:21:45,Overwatch 2,Alle fÃ¼r alle und alle fÃ¼r einen - also mich ğŸ¤ª,oh_vii,312,slop
2025-02-23 17:21:45,Overwatch 2,ï¼‘ï¼’ï¼ãƒ€ãƒ¡ãƒ–ãƒ¼ãƒ—ç”·,ç ´å£Šç¥ã“ãŸã‚ (hakaisinnkotaro),292,English
2025-02-23 17:21:45,Overwatch 2,!DROPS || LIVE INFINITA - DVA DAY || !SORTEIO !rerun,VioletKill,225,Dropsæœ‰åŠ¹
2025-02-23 17:21:45,Overwatch 2,[MEI + OWCS DROPS] LAST DAY FOR OWCS DROPS WATCHPARTYING #GENGWIN !SAS !NEWVID,Rakattack,224,æ—¥æœ¬èª
2025-02-23 17:21:45,Overwatch 2,[ !Drops ] [ !SaS ]ğŸ¯TOP 40 DPS PLAYER SOMBRA OVERWATCHğŸ¯PERKLESS IN A POST-PERKED WORLDğŸ¯ğŸ¯2 SUBS FOR A TRACER SKINğŸ¯ğŸ¯ !socials,Questron,217,PortuguÃªs
2025-02-23 17:21:45,Overwatch 2,!ì¹˜ì§€ì§,OW_Stalk3r,184,Safeplace
2025-02-23 17:21:45,Overwatch 2,*ë…¸ê°•í‡´day* ì£¼ë§&íŠ¹ì „ ê¸°ë… ë¬´í•œ ì‹œì²­ì ì°¸ì—¬ Day ì‚ë¼ì™€ í•¨ê»˜ ë¹ ëŒ€ë¥¼?â˜…ë¹ ëŒ€ ì•„ë¬´ ë¯¸ì…˜ í™˜ì˜â˜… ì°¸ì—¬ëŠ” !ë½‘ê¸° í™•ë¥  ì§„ì§œ ì´ˆëŒ€í˜œì ã„·ã„·ã„·ã„·ã„·ã„·,ì¹˜ì§€ì§ì‚ë¼ì…ë‹ˆë‹¤ë¡œëŒ€í”¼ (bbira),178,Pai
2025-02-23 17:21:45,Overwatch 2,[ë“œë¡­ìŠ¤ON] ê°œì‚¬ê¸° íŠ¹ì „ íëŸ¬ë¡œ ë°°ì¹˜ê³ ì‚¬ ë´…ë‹ˆë‹¤! *ë¯¸ì…˜ í™˜ì˜,ë‚˜ë¬´ëŠ˜ë³´___ (gkqjem099),175,FranÃ§ais
2025-02-23 17:21:45,Overwatch 2,DROPSâœ… 2SUBS = DROP SKIN TRACER | 4000 Followers ğŸ‰ğŸ¥³ - Games viewers ou je fais un malheur ! (p'tite rime t'as vu),Etoile_OW,174,English
2025-02-23 17:21:45,Overwatch 2,DROPSâœ… Grind Master tous les rÃ´les ğŸ”´ 2 SUBS = Skin Tracer | !stream,Peurle_ow,160,DVA
2025-02-23 17:21:45,Overwatch 2,ãƒ©ãƒ³ã‚¯ï¼ ã‚¿ãƒ³ã‚¯,ã‚ãƒ¼ãã‚“ (mason_ow),152,Canadian
2025-02-23 17:21:45,Overwatch 2,[!DROPS AND !SAS] T500 DPS | I HAVE 2 CUTE CATS COME WATCH RIGHT MEOW,codebreaker,150,ADHD
2025-02-23 17:21:45,Overwatch 2,Dropsâœ… tank,ã‚ã (aki_hp2),150,Educational
2025-02-23 17:21:45,Overwatch 2,"ğŸš¨DROPS ONğŸš¨ Lobby open, Let's lose our sanity!ã€ENG/ESPã€‘ !debut !throne !socials",VesspiVTuber,140,anime
2025-02-23 17:21:45,Overwatch 2,"[!DROPS] Ğ¡ Ğ¿Ñ€Ğ°Ğ·Ğ´Ğ½Ğ¸ĞºĞ¾Ğ¼, ÑƒĞ²Ğ°Ğ¶Ğ°ĞµĞ¼Ñ‹Ğµ ğŸ˜ !boosty !tg",Kiman700,135,SupportMain
2025-02-23 17:21:45,Overwatch 2,ğŸ”´[!DROPS + !SAS ON]ğŸ”´ 24/7 SUBATHON ğŸ”´ CHAMPION RANKED TRACER GRIND WITH MOUSE & KEYBOARD ON PC ğŸ”´ !MNK ğŸ”´ !GFUEL ğŸ”´ !SUBATHON,JOYSTICK,135,English
2025-02-23 17:21:45,Overwatch 2,!DROPS PERKS ARE PERKING | SaS! Gift 2 Subs for Tracer Skin!,potatori_,124,art
2025-02-23 17:21:55,Path of Exile,[HC/drops]ğŸš¨PHRECIA EVENT LAUNCHğŸš¨10/10 MC GAMER!!!ğŸš¨PLAYING NOT JUGGğŸš¨RAWDOGğŸš¨BLINDğŸš¨â¿áµ’ DRAMA!!ğŸš¨,Quin69,9100,DropsEnabled
2025-02-23 17:21:55,Path of Exile,[HC]ğŸ”¥ LEGACY OF PHRECIA DAY 3 ğŸ”¥ WHISPERER BENCHED ğŸ”¥!starforge !build !drops,Steelmage,3300,English
2025-02-23 17:21:55,Path of Exile,!drops - !mageblood Obtained - !mb1 !faq !guide - !build !filter !pixio,fubgun,3000,DropsEnabled
2025-02-23 17:21:55,Path of Exile,Ğ¤Ğ°Ñ€Ğ¼ Ğ½Ğ° Ğ¼Ğ± - Ğ±Ğ¸ÑÑ‚Ñ‹ Ğ´ĞµĞ½ÑŒ !winline !ÑÑ‚Ğ°Ñ€Ñ‚ĞµÑ€Ñ‹ !Ğ¸Ğ´Ğ¾Ğ»Ñ‹ !Ñ„Ğ¸Ğ»ÑŒÑ‚Ñ€ !build,pathofexilebota,2700,Australian
2025-02-23 17:21:55,Path of Exile,ancestral slams hc trade (âœ¿ =â€¿â€¿=) !starforge !vpn !build !dragonkin,Alkaizerx,2300,English
2025-02-23 17:21:55,Path of Exile,"Path of Exile 1 -> Delta Force ĞšĞ°Ğ¼Ğ¿Ğ°Ğ½Ğ¸Ñ Ğ² 16:00 ĞœĞ¡Ğš Ñ (Ğ”Ñ€Ğ¾Ğ½Ğ¾Ğ¼, ĞœĞ°ĞºĞ¸Ñ‡ĞµĞ¼ Ğ¸ Ğ¢Ğ²Ğ¸Ğ½Ğ¾Ğ¼) (Sponsored)",iLame,1300,DropsEnabled
2025-02-23 17:21:55,Path of Exile,crafting MFA gear for swap !atlas !build !maxroll !monopoly,spicysushi_poe,1100,English
2025-02-23 17:21:55,Path of Exile,[DROPS] KBoClustering Whisperer Manastack | ANNIHILATING Legions--> !update1 !update2 !build !leveling !idols !wand | !maxroll !nordvpn,Palsteron,1100,Drops
2025-02-23 17:21:55,Path of Exile,Call me the Shrine King,Ruetoo,1000,Ğ ÑƒÑÑĞºĞ¸Ğ¹
2025-02-23 17:21:55,Path of Exile,[!DROPS] Puppeteer !AW good?! | !RIP !Rogue !AI !Starforge !Tibia,GhazzyTV,986,DropsĞ’ĞºĞ»ÑÑ‡ĞµĞ½Ñ‹
2025-02-23 17:21:55,Path of Exile,"!event Ğ˜Ğ’Ğ•ĞĞ¢ Ğ”Ğ•ĞĞ¬ 3 Ğ¯ 5 ĞŸĞ£Ğ¢Ğ•Ğ™ ĞœĞĞ”ĞĞ Ğ Ğ Ğ•ĞĞ›Ğ¬ĞĞ Ğ¢ĞĞšĞĞ™ ĞĞ˜Ğš! Ğ£Ğ§Ğ£Ğ¡Ğ¬ Ğ—ĞĞĞĞ“Ğ Ğ˜Ğ“Ğ ĞĞ¢Ğ¬ Ğ’ Ğ˜Ğ“Ğ Ğ£ ĞŸĞĞ¡Ğ›Ğ• ĞŸĞ•Ğ Ğ•Ğ Ğ«Ğ’Ğ ĞŸĞĞ› Ğ“ĞĞ”Ğ! Ğ¿Ğ¾Ğµ2 - !Ğ³Ğ°Ğ¹Ğ´, !OLIMPBET",madarapoe,769,English
2025-02-23 17:21:55,Path of Exile,Architect of Chaos !VaalColdSnap Beast Farming + Crafting Upgrades TODAY,captainlance9,562,DropsEnabled
2025-02-23 17:21:55,Path of Exile,[PoE] Dia 3 Evento - Servent of Arakali + Arakali Srs + Arakali Golem + Arakali Herald + Arakali Zombie + Arakali Specter + Arakali Arakali,albatrox18,492,Ğ´Ğ»ÑĞ²ÑĞµĞ¹ÑĞµĞ¼ÑŒĞ¸
2025-02-23 17:21:55,Path of Exile,Gen Cry Phrecia Slamming !builds !maxroll,crouching_tuna,449,ÑˆĞ¸Ğ·Ğ¾Ñ„Ñ€ĞµĞ½Ğ¸Ñ
2025-02-23 17:21:55,Path of Exile,é–‹æé›»æ‰“ !é¡å­ SRUé¡¯ç¥å¨ï¼Œè–æ‰€æˆ°é¼“å‚¬ã€‚å‹åˆ©å‡±æ­Œæšï¼Œç¥è–æ°¸ç›¸éš¨ã€‚ï½œæ¼å¤«ç«é›¨è½‰è´–ç½ªè½‰ç›²çœ¼é›»æ‰“,è€åŒ¹ (poogf01),409,xdd
2025-02-23 17:21:55,Path of Exile,[SSF] Phrecia Day 3 - PS Mines Scav - setting up Mappers today,Manni2,386,DropsEnabled
2025-02-23 17:21:55,Path of Exile,24/7 Live - Waiting for Monster Hunter!- Follow @StreamerHouse on every platform!,StreamerHouse,385,clown
2025-02-23 17:21:55,Path of Exile,[!DROPS] IGNITE Bog Shaman - LOP-SC-03, with GamerHouse ,357,DropsEnabled
2025-02-23 17:21:55,Path of Exile,FB Katapimbas - Dropcast Hoje as 16 Horas no @dropratetv - !evento,mbXtreme,347,English
2025-02-23 17:21:55,Path of Exile,[DROPS] [PHRECIA/LS] Blight maps time~ !PP,Offcell_,329,DropsEnabled
2025-02-23 17:21:55,Path of Exile,ĞŸĞ¸Ğ²Ğ½Ğ¾Ğ¹ Ğ¡Ñ‘Ñ€Ñ„ĞµÑ€. Ğ’ĞµÑÑ‚Ğ½Ğ¸ĞºĞ¸ ÑĞµĞ³Ğ¾Ğ´Ğ½Ñ! Ğ”ĞµĞ¼Ğ¾Ğ½Ñ‚Ğ°Ğ¶ Ğ²Ñ‹ÑˆĞµĞº Ğ¿Ğ¾ Ğ¿Ñ€Ñ‹Ğ¶ĞºĞ°Ğ¼ Ğ² Ğ²Ğ¾Ğ´Ñƒ,Raivy,303,English
2025-02-23 17:21:55,Path of Exile,Drops on âœ… Ğ˜Ğ²ĞµĞ½Ñ‚-Ğ»Ğ¸Ğ³Ğ° âœ…ĞŸÑ€Ğ°Ğ²ĞµĞ´Ğ½Ñ‹Ğ¹ Ğ¾Ğ³Ğ¾Ğ½ÑŒ âœ…!Ñ‚Ğ³ âœ… !Ğ´Ğ¸Ñ,Gary_poetter,290,DropsEnabled
2025-02-23 17:21:55,Path of Exile,[Drops] Ğ­Ğ²ĞµĞ½Ñ‚ Path of Exile 1 Ğ½Ğ° ĞšĞĞ¢ĞĞ’ĞĞ¡Ğ˜Ğ¡Ğ• -_- !tg !boosty,skladic,287,English
2025-02-23 17:21:55,Path of Exile,[POE1] LS DEX STACKER MANA STACKER. !BUILD !STARTERY . START O 21:00 DROPY SOM.,ErgrinTheRed,271,Ğ ÑƒÑÑĞºĞ¸Ğ¹
2025-02-23 17:21:55,Path of Exile,[DROPS] BONESHATTERING TIL I CAN ZENITH ğŸš¨ SEMI BAD LEAGUE START XDğŸš¨,Pidzam,232,DropsĞ’ĞºĞ»ÑÑ‡ĞµĞ½Ñ‹
2025-02-23 17:21:55,Path of Exile,[âœ…!DROPS] !BUILD Umbau auf Life-Stacking ğŸ’œ!Partner+ 2/3 Monate | !1x1 !discord #Werbung: !elgato !holy,KingKongor,226,DropsEnabled
2025-02-23 17:21:55,Path of Exile,[Path of Exile] ĞÑ‚Ğ²ĞµÑ‚Ñ‹ Ğ½Ğ° Ğ²ÑĞµ Ğ²Ğ¾Ğ¿Ñ€Ğ¾ÑÑ‹ Ğ¿Ğ¾ Ğ¸Ğ³Ñ€Ğµ !poe,Lowepe,221,English
2025-02-23 17:21:55,Path of Exile,Ğ‘Ñ‹Ñ‡Ğ¸Ğ¹ Ñ†ĞµĞ¿ĞµĞ½ÑŒ Ğ¸Ñ‰ĞµÑ‚ Ñ€ĞµĞ°Ğ»ÑŒĞ½Ğ¾ Ñ…Ñ€ÑƒÑ‚Ğ¾Ğ¹ Ğ¸Ğ²ĞµĞ½Ñ‚ !ÑÑ‡Ğ°ÑÑ‚ÑŒĞµ,Cepreu_Inq,203,AcÃ£o
2025-02-23 17:21:55,Path of Exile,ğŸ[DROPS] Seguimos a por la SKIN | Ãšltimas !NOTICIAS de PoE2 | SoluciÃ³n !BACULO | !BRUJA | !FARMEO | !ENDGAME || !discord !merch,DvuhKill,192,aventura
2025-02-23 17:21:55,Path of Exile,[!DROPS] Zero to HoT Day #4 Last Day ğŸ˜± | Â¿Dudas? AcÃ¡ te respondo! | 100% more rarity mientras ves el stream | !youtube,Morttimer11,188,DropsAtivados
2025-02-23 17:22:19,Apex Legends,ĞĞŸĞĞ”Ğ•Ğœ ĞŸĞ Ğ•Ğ”ĞĞ¢ĞĞ Ğ // !pari !tg !Ğ¼ĞµÑ€Ñ‡,Recrent,5700,Ğ ÑƒÑÑĞºĞ¸Ğ¹
2025-02-23 17:22:19,Apex Legends,ğŸ£ RANK 1 APEX PREDATOR GRIND ğŸ¤ª !gamersupps,Mande,4300,English
2025-02-23 17:22:19,Apex Legends,Going for Top 10 Apex Predator ğŸ”´ !merch,HisWattson,2900,English
2025-02-23 17:22:19,Apex Legends,ğŸ”´CAST PLQ demi-finale !intel !hellofresh,oraxe,1000,FranÃ§ais
2025-02-23 17:22:19,Apex Legends,WE ARE BACK! SUBATHON CONTINUES!,Albralelie,907,cast
2025-02-23 17:22:19,Apex Legends,:0 !youtube !twitter,Lamic999,690,ALGS
2025-02-23 17:22:19,Apex Legends,ğŸ“¢ EMEA PSQ WATCH PARTY Quarter and Semi Finals - WE ARE BACKğŸ“¢ | !discord !youtube,Priv4cy,655,English
2025-02-23 17:22:19,Apex Legends,ÑÑˆ Ğ¿Ğ¾Ğ½ĞµÑ€Ñ„Ğ¸Ğ»Ğ¸ ğŸ˜” Ğ³ĞµĞ¹Ğ¼Ğ¿Ğ»ĞµĞ¹ Ñ Ğ¾ÑˆĞ¸Ğ±ĞºĞ°Ğ¼Ğ¸ ğŸ˜” Ğ² Ğ½Ğ°Ğ·Ğ²Ğ°Ğ½Ğ¸Ğ¸ Ğ½ĞµÑ‚ Ğ¾Ğ±Ğ¼Ğ°Ğ½Ğ° ğŸ˜” | !tg !patch !nerf,stanyyy,565,Competitive
2025-02-23 17:22:19,Apex Legends,PRO ANALYSE / CAST PRO LEAGUE QUALIFIER,KSWINNIIE,515,Rankgrind
2025-02-23 17:22:19,Apex Legends,APEX LEGENDS LE RETOUR ? | !intel !holy,JulietteArz,497,English
2025-02-23 17:22:19,Apex Legends,ã€è‚‰è‚‰è–”è’”ã€‘02/23 !æ»‘é¼ å¢Š,è‚‰è‚‰è–”è’” (aishakumo),493,apexlegends
2025-02-23 17:22:19,Apex Legends,RANK 1 NERD GRIND with @mande,gdolphn,474,vodreview
2025-02-23 17:22:19,Apex Legends,Join us on sub games today! ğŸ® | !code ğŸ’ !asmr ğŸ’ !merch ğŸ’ !socials,ItsSky,350,English
2025-02-23 17:22:19,Apex Legends,STREAMER BACK STREAMING WITH dad? | !Socials,vUnlucky2,325,DROPS
2025-02-23 17:22:19,Apex Legends,Ranked mit dem Vater von @vunlucky2 (!dc fÃ¼r Spielersuche) !keratokonus, with Flanzinho ,325,ADHD
2025-02-23 17:22:19,Apex Legends,"ğŸ”´Ğ°Ğ»ĞºĞ¾ÑÑ‚Ñ€Ğ¸Ğ¼, Ğ²ÑĞµÑ… Ñ Ğ¿Ñ€Ğ°Ğ·Ğ´Ğ½Ğ¸ĞºĞ¾Ğ¼!) / !tg !sens !settings",Flanzinho,296,Ğ¤Ñ€Ğ¸Ğº
2025-02-23 17:22:19,Apex Legends,Developing Player. Gratitude Extremist !buffed !fte !podcast !mtoi brother_enoch, with vUnlucky2 ,265,stanyyy
2025-02-23 17:22:19,Apex Legends,HOY LLEGAMOS A MASTER? !allyspin,yolomodetv,236,francais
2025-02-23 17:22:19,Apex Legends,"SJP2 - ALGS KWALIFIKACJE DO PRO LIGI i LANA O $1,000,000 | !MUDE #Sponsored [10 min delay]",Enoch,205,FranÃ§ais
2025-02-23 17:22:19,Apex Legends,"KC Day, grinding // @gentnmn on socials",AnytimeShield,199,MNK
2025-02-23 17:22:19,Apex Legends,Solo q to masters !socials,Denzaay,190,IGL
2025-02-23 17:22:19,Apex Legends,PRED GRIND WITH GONEXT! | [ESP/ENG] | !discord !commands,gent,189,FranÃ§ais
2025-02-23 17:22:19,Apex Legends,ã€02.23ã€‘å¥½ä¹…æ²’æœ‰æ‰“é–‹é€™å€‹éŠæˆ²ï¼Œæ¸¬è©¦ä¸€ä¸‹éµç›¤ï¼!æŒ‡ä»¤ !æŠ–å½±ç‰‡ !YT !å‘¨é‚Š,Nati,188,ä¸­æ–‡
2025-02-23 17:22:19,Apex Legends,gaming :3 !!!!! !s,KIND4_,175,fps
2025-02-23 17:22:19,Apex Legends,ranked w @recrent n @stanyyy ğŸ˜ˆĞŸĞ Ğ˜ĞšĞĞ›Ğ˜Ğ¡Ğ¢ Ğ’ ĞĞ•ĞšĞ¢ĞĞœĞ˜ğŸ˜ˆ!axis(Ñ‚Ğ¾Ğ¿Ğ¾Ğ²Ñ‹Ğµ ĞºĞ¾Ğ²Ñ€Ğ¸ĞºĞ¸ Ğ¡ĞšĞ˜Ğ”ĞšĞ) !skilly,æ¶…é»˜ (nemesisxdfp),172,gamer
2025-02-23 17:22:19,Apex Legends,QUARTI e SEMI FINALI ALGS PRO LEAGUE QUALIFIER!!! [10 delay] - !Mox !Coaching,Salinono,168,old
2025-02-23 17:22:19,Apex Legends,APEX RANK ä¸–ç•Œ8ä½ é‡ã‹ã£ãŸã‚‰è½ã¨ã—ã¾ã™,sadyama,162,DropsActivated
2025-02-23 17:22:19,Apex Legends,Let Your Actions Speak Louder Than ur Words,Mox600,146,English
2025-02-23 17:22:19,Apex Legends,TOP 5 PREDATOR | !sens !settings !discord,æ —åŸã (curihara0807),140,ama
2025-02-23 17:22:19,Apex Legends,10min Delayâšœï¸ALGS PRE SEASON QUALIFIER SEMI FINALS | !Standingsâšœï¸ #MonsterEnergyâšœï¸ #Werbungâšœï¸#SponsoredbyEA,EightEighths,125,IRL
2025-02-23 17:22:27,Mecha BREAK,CHECKING OUT THE OPEN BETA! ğŸ”¥ !MechaBreak #MechaBREAK #MechaBREAKOBT,Nikolarn,6500,English
2025-02-23 17:22:27,Mecha BREAK,LE RETOUR DU MEILLEUR ARENA SHOOTER : !MechaBREAK avec @bobbyvulgrif #PublicitÃ© | !Nutripure !ThermosAlpha !Holy,AlphaCast,3400,DropsEnabled
2025-02-23 17:22:27,Mecha BREAK,PLAYING !Mecha BREAK - OPEN BETA TEST #ad,deme,2400,DropsActivÃ©s
2025-02-23 17:22:27,Mecha BREAK,[âœ…DROPSã€‘ğŸçœ‹å°é€é»æ•¸ !MYğŸâ°å€’æ•¸1å¤© âœ¨å…è²»æ‹¿Mycardé»æ•¸ !é€ ğŸ”´ !å¡å·´æ–¯åŸºğŸ”´ã€ğŸŠè¦æ„›æ©˜å­ã€‘,è¦æ„›æ©˜å­ (shuteye_orange),1600,jdr
2025-02-23 17:22:27,Mecha BREAK,[Ko] 2/23,Ko0416,978,FranÃ§ais
2025-02-23 17:22:27,Mecha BREAK,[DROPS!] MECHA BREAK BETA IS HERE!!!!!!,Tangent,640,silly
2025-02-23 17:22:27,Mecha BREAK,ã€å“ˆç“œJongieğŸˆã€‘åœ¨æƒ³è¦ä¸è¦ç©MB | !7tv | @jongie | 2025/02/23 |,å“ˆç“œå“ˆç“œ (jongie),624,dyslexic
2025-02-23 17:22:27,Mecha BREAK,à¸§à¸±à¸™à¸™à¸µà¹‰à¸¡à¸²à¹€à¸›à¹‡à¸™ Pilot ! Mecha Break à¸¢à¸²à¸§à¹† à¸„à¸±à¸š !,NutsuruSama,415,ADHD
2025-02-23 17:22:27,Mecha BREAK,ã€JTè¶å¯¶ã€‘ã€ŠMecha BREAKã€‹ å…¨çƒé¢¨æš´æ¸¬è©¦ä¸­ åœ–å¥‡æœ‰æ‰å¯¶æ´»å‹•,è¶å¯¶ (nielnieh345),244,ä¸­æ–‡
2025-02-23 17:22:27,Mecha BREAK,"Dimanche tranquille - !holy si tu as lu le titre ecrit ""kiwi"" dans le tchat",Hermanel,233,é»æ˜å†ç¾
2025-02-23 17:22:27,Mecha BREAK,[DROPS ON] ğŸ® DEMO DAY 2 in The Tavern! ğŸ® Follow Me! --> @cletusbueford,CletusBueford,221,å¯ç”¨æ‰å®
2025-02-23 17:22:27,Mecha BREAK,é›ªé›ªà¹â€¢á´—â€¢à¹ 2/23 @yukkkkiouo !è‡ªä¸»è¨‚é–±æ”¯æ´ !å‘¨é‚Š !é­”å„²,é›ªé›ªã‚†ã (yukkkkiouo),213,å¯ç”¨æ‰å®
2025-02-23 17:22:27,Mecha BREAK,ğŸ”¥DropsğŸ”¥RobotnikğŸ¤¡Let's play MECHA BREAK ğŸ¤¡ !MechaBreak !G2A !discord #ad,TheCocoNutStick,207,ä¸­æ–‡
2025-02-23 17:22:27,Mecha BREAK,ã€çŒ«å¤œå‡œã€‘æˆ‘æƒ³é–‹é£›æ©Ÿ | @nekoyarin | !è¯åå¤–å¥— !èªéŸ³ !é­”å„² | 2/23,çŒ«å¤œå‡œ (nekoyarin),195,interactive
2025-02-23 17:22:27,Mecha BREAK,!vpn || waiting for mecha break servers to come up,Onepeg,195,English
2025-02-23 17:22:27,Mecha BREAK,å‰æ»´å¨›æ¨‚ğŸ”¥ å°é–‰è€…é«˜é€Ÿçˆ¬åˆ† æˆ’è€éº¥DAY2 è¼»èƒ½éŠ³è©• #MastersCostream,Kant0211,177,Drops
2025-02-23 17:22:27,Mecha BREAK,The World's Greatest Mech Pilot Returns | Uncapped Sub-a-thon (Day 21) | 1 sub = 5 minutes ğŸ”„,InternetCityArcade,161,funny
2025-02-23 17:22:27,Mecha BREAK,DROps ON - ESSE JOGO PROMETE! Mecha BREAK,RushIntenso,156,ä¸­æ–‡
2025-02-23 17:22:27,Mecha BREAK,â›©ï¸ğŸ¥Šâ›©ï¸ã€MECHA BREAKERUUUUUU!!!!ã€â›©ï¸ğŸ’¥â›©ï¸ğŸª¦ Worlds Most ADHD induced Asian Gremlin Panther player returns,ReimMomo,154,Taiwan
2025-02-23 17:22:27,Mecha BREAK,"The two have a silent understanding, as if the world around them has faded away. Their first conversation is slow, deliberate, and full of t",Telfer1,149,å¯ç”¨æ‰å®
2025-02-23 17:22:27,Mecha BREAK,"Nani, get into the robot! !discord !clip",NaniRue,145,DeltaForceGame
2025-02-23 17:22:27,Mecha BREAK,Mecha BREAKå°‘ã—ã‚„ã£ã¦ã¿ã‚‹,biriQ,116,DeltaForcePC
2025-02-23 17:22:27,Mecha BREAK,â™¦ 2025.02.23 â™¦ Jambo!ï½œ @ayaakahane ï½œ !3Dç´€å¿µå‘¨é‚Š !3Dç´€å¿µé¼ æ¨™ã€èµ¤ç¾½äºçŸ¢ã€‘,èµ¤ç¾½äºçŸ¢ (ayaakahane),108,RPG
2025-02-23 17:22:27,Mecha BREAK,"No Mic, Just Gameplay âš¡",7RyuShin,108,å‹•ä½œ
2025-02-23 17:22:27,Mecha BREAK,MEcha Break Waiting Room !falcon CAN WE WIN THE FALCON STATUE?! !Socials !usergifts !donate !throne !pp !bsky,sylvieclos,107,å¯ç”¨æ‰å®
2025-02-23 17:22:27,Mecha BREAK,[Drops Enabled] First time playing! :D Come learn with me!! :D,vXBlackSwanXv,106,ç­–ç•¥
2025-02-23 17:22:27,Mecha BREAK,ã€Dropsâœ…ã€‘æˆ¦å ´ã§ç‹™ã„æ’ƒã¤ãœğŸ”«ğŸ± / Let's play Mecha BREAK!!!!!!ã€å‚åŠ OKã€‘,å¾®ç¡ã„ã¡ã® (ichino_madoromi),89,StarCitzen
2025-02-23 17:22:27,Mecha BREAK,à¸«à¹‰à¸²à¸¡à¸›à¹ˆà¸§à¸¢ à¸«à¹‰à¸²à¸¡à¸•à¸¸à¸¢ à¸«à¹‰à¸²à¸¡à¸«à¸¢à¸¸à¸” #omnuay,XerxqC,88,DropsActivÃ©s
2025-02-23 17:22:27,Mecha BREAK,â–¼DropsONâ–¼ãƒ¡ã‚«ãƒ–ãƒ¬ã®ãŠæ™‚é–“ã ãããï¼,æ·±ç€¬ãƒ‹ã‚« (2ka_2ka),85,RPG
2025-02-23 17:22:27,Mecha BREAK,MECHA OPEN /W @HENKEN â¤ï¸ !MT !TOBII !VPC,TheDarkLaw,77,MMO
2025-02-23 17:22:52,Special Events,Der BESTE DÃ¶ner GEWINNT 10.000â‚¬ ğŸ¥™ - XXL Zuschauer-Kochbattle mit Bernd Zehner & Holle21614,MontanaBlack88,20500,Deutsch
2025-02-23 17:22:52,Special Events,ğŸ’¥ MR. GEIL STREAMT ğŸ’¥ KOCHEN MIT FRANK ROSIN ğŸ’¥ LET THEM COOK ğŸ’¥ !tv !socials !live !dc !merch #werbung,zarbex,18000,zweivermengte
2025-02-23 17:22:52,Special Events,"Redemption race for Charity! | Vasaloppet, 90km of Cross-Country skiing | !donate !merch !auction !map #SwedishClassic", + 2 ,14100,Deutsch
2025-02-23 17:22:52,Special Events,Politik & wir I Watchparty ğŸ‰ Bundestagswahl - Wie geht's Euch und wie geht's weiter?,Elajjaz,7600,zarbex
2025-02-23 17:22:52,Special Events,Erste Prognose zur Bundestagswahl!! mit Victoria & powlster_ | !commands !tts,ARD,2000,English
2025-02-23 17:22:52,Special Events,FINÃLE VOLEB V NÄšMECKUâœ…14:30 DUEL RAKUÅ AN x KONEÄŒNÃâœ…CELODENNÃ STREAM ZE SÄŒÃTÃNÃâœ…20:00 DUEL BABIS x FIALAâœ…VÃSLEDKY KOLEM 21:00,ZDF,1900,ARD
2025-02-23 17:22:52,Special Events,âœ¨LIGHTUPâœ¨KONZERTâœ¨FÃœR CHARITYâœ¨// !spenden !tierheim !goals,CzechCloud,1800,Wahl
2025-02-23 17:22:52,Special Events,ğŸ’¥GAME SWITCHğŸ’¥[Jour 02] Le premier Ã  finir un jeu versus @owarida ! Switch by Tirthor le gigacrack â—Switchâ—OperaGXâ—Wopilo,Lunywoo,307,Deutsch
2025-02-23 17:22:52,Special Events,ğŸ”´ ğŸ’¥GAME SWITCHğŸ’¥Le premier Ã  finir un jeu versus @galdrakaarl !Switch by TirThor la LÃ©gende â—TopAchat â—GP, + 5 ,305,politics
2025-02-23 17:22:52,Special Events,Speedrun Samstag am Sonntag Â°LÂ° [DE/GER] (!holzkern),Galdrakaarl,249,Politik
2025-02-23 17:22:52,Special Events,Gala Premios DeVuego 2024, with Owarida ,126,Deutsch
2025-02-23 17:22:52,Special Events,Spotlight Dance Cup!,Owarida,124,ZDF
2025-02-23 17:22:52,Special Events,Spotlight Dance Cup, with Galdrakaarl ,91,ÄŒeÅ¡tina
2025-02-23 17:22:52,Special Events,Did You Miss Me!?!?! |18+| DOLLATHON DAY 1 | !discord !tip !throne !socials !kofi !adv,LordPappnase,83,GerVtuber
2025-02-23 17:22:52,Special Events,RERUN: OTK GAMES EXPOs and PIXEL PITCH,DeVuego,78,Deutsch
2025-02-23 17:22:52,Special Events,Spotlight Dance Cup!,spotlightdancecup3,74,Vtuber
2025-02-23 17:22:52,Special Events,âœ° Keep Her Lit 4 Les 2025 âœ° Chained le Cheile with @99merk @fantasmike @jolly_holly7 !khl !donate,spotlightdancecup,72,FranÃ§ais
2025-02-23 17:22:52,Special Events,[ELGJ] 14h30 : RÃ©sultat de la jam ! Bravo aux participant.e.s !,gorefairy,72,NoDeath
2025-02-23 17:22:52,Special Events,ãŠèª•ç”Ÿæ—¥å¾…æ©Ÿé…ä¿¡ğŸ‚,OTKnetwork,60,randomizer
2025-02-23 17:22:52,Special Events,ï¼’å‘¨å¹´ã¨ã»ã¼èª•ç”Ÿæ—¥ã®é£²é…’å‡¸å¾…ã¡è¨˜å¿µé…ä¿¡,spotlightdancecup5,43,Randomizer
2025-02-23 17:22:52,Special Events,Vi gjÃ¸r klart til finaler i CS2! // HordaLAN 2025 // !Hordalan,TokioriOnline,40,DRL
2025-02-23 17:22:52,Special Events,BDAY CELEBRATION STREAM! | !Reveal | Healer Vtuber | !socials !cgs,EnLiveGameJam,38,NoDeath
2025-02-23 17:22:52,Special Events,ã€VTUBER PET DEBUTã€‘Necronomiconnor awakens! !lurk !socials (18+),ã¡ãã‚ã‚ã„ã™ (chikuwa_ice),38,ds3
2025-02-23 17:22:52,Special Events,ğŸŒ³ Braintrain: Schule! Wer besteht die 5 - 10 Klasse? @batmanvssparrow @der_daniel @roniar_tv @sventyo ğŸŒ³â—braintrainâ—dc,ã¾ãªæ¿ç‹ (manaita9377),37,challenge
2025-02-23 17:22:52,Special Events,"Braintrain, das Quizformat powerd by @kuroxki mit @roniar_tv @der_daniel @batmanvssparrow || !dc !socials @sventyo",HordaLAN,37,lordpappnase
2025-02-23 17:22:52,Special Events,It's my 3rd Affiliate Streamversary! Thank you for all the love and support <3 | !sr is LIVE,JThowi_,35,EspaÃ±ol
2025-02-23 17:22:52,Special Events,"Grand finale for the Boot The Ute raid train!! || Commands: !BTU, !Milestones, !Donate",TolkhTV,35,devs
2025-02-23 17:22:52,Special Events,En direct: Sylvain chez le PrÃ©sident,KuroxKi,34,desarrollo
2025-02-23 17:22:52,Special Events,âœ¨ 4yr Stream-iversary Fundathon âœ¨ | DAY 22 | !fundathon, with Sventyo ,34,English
2025-02-23 17:23:01,Teamfight Tactics,HELO LAST STREAM BEFORE REGIONALS ON FRIDAY quick 1.x nuke drop G G,k3soju,6000,English
2025-02-23 17:23:01,Teamfight Tactics,Yesterday was yesterday but today could be anything! It could even be today!,Mortdog,4800,arcane
2025-02-23 17:23:01,Teamfight Tactics,tftã®æ£®,ã‚‰ã„ã˜ã‚“ (alfrea),1700,IntoTheArcane
2025-02-23 17:23:01,Teamfight Tactics,GO TOP 10 EUW (essayer au moins) !coaching,ImSoFresh,1400,English
2025-02-23 17:23:01,Teamfight Tactics,å‰æ»´å¨›æ¨‚ğŸ”¥@krapycoco 2/23 æ›¼è°·å¤§å¸«è³½å›å®¶ä¹‹æˆ° T1 vs TE | TL vs SEN #MastersCostream !å¤§å¸«è³½é æ¸¬,è™§çš® (krapycoco),1100,ãƒã‚¿ãƒãƒ¬ç¦æ­¢
2025-02-23 17:23:01,Teamfight Tactics,NUEVO META DE SNIPERS,manutegaming,609,æ—¥æœ¬èª
2025-02-23 17:23:01,Teamfight Tactics,ğŸ“ˆ +200 LP TO EUW CHALLENGER HERE WE COME ğŸ“ˆ | regionals !guests announced | !tierlist updated for 13.6,Frodan,427,ã‚¢ãƒ‰ãƒã‚¤ã‚¹ç¦æ­¢
2025-02-23 17:23:01,Teamfight Tactics,ermmm !tierlist !coaching !4.5 !afkj !meta,souless,396,FranÃ§ais
2025-02-23 17:23:01,Teamfight Tactics,CONTENT FUN ZONE (informative commentary),shurkou,378,ä¸­æ–‡
2025-02-23 17:23:01,Teamfight Tactics,2/24 å°å°ç¿¡ç¿ ä¸€ æ‹¿æğŸ¤ | !å‘¨é‚Š(è³¼è²·çµ„åˆæŠ½æŠ±æ•!),å°é¹½ (doodooqvvq),328,EspaÃ±ol
2025-02-23 17:23:01,Teamfight Tactics,lazitÃ³ tft ranked,AdamKissAK,317,English
2025-02-23 17:23:01,Teamfight Tactics,"Challenger 1,2k BR - rankedzinhas atÃ© as 16... !filme !marvel !notas",Midor1yaTFT,294,fashionicon
2025-02-23 17:23:01,Teamfight Tactics,ğŸ’¥HIER WIRD AUFGERÃ„UMTğŸ’¥,Jester,196,Unlucky
2025-02-23 17:23:01,Teamfight Tactics,ğŸ„ CARTMENS & LINN PLANERAR ODLINGEN | ğŸ† !GIVEAWAY | ğŸ¬ !KLIPP | ğŸ¤¯ !2025 | ğŸ !APRIL | â–¶ï¸ !YOUTUBE,CARTMENS,155,Delusional
2025-02-23 17:23:01,Teamfight Tactics,ĞĞ¢ĞŸ Ğ—Ğ°Ñ‰Ğ¸Ñ‚Ğ½Ğ¸ĞºĞ¸ | !Ğ¢Ğ“,nrvn5,154,winner
2025-02-23 17:23:01,Teamfight Tactics,ãƒ€ãƒ–ãƒ«ã‚¢ãƒƒãƒ—çœŸé¢ç›®ã«ã‚„ã£ã¦å…¨ç„¶å‹ã¦ãªãã¦å¼•é€€ã—ãŸã€‚,tarotftuniversity,151,rizz
2025-02-23 17:23:01,Teamfight Tactics,FOUR month streamaversary !! LETS GO GM !!,catawin18,140,English
2025-02-23 17:23:01,Teamfight Tactics,Majdcsak meglesz mÃ¡' !yt !G2A,BROZILLA_tv,115,English
2025-02-23 17:23:01,Teamfight Tactics,BEDGE PATCH BEDGE COMPS WOKEGE STREAMER !discord !krugs !cam,aYellowTomato,95,ä¸­æ–‡
2025-02-23 17:23:01,Teamfight Tactics,yo,ã†ã›ã¤ (usetsuu),91,Magyar
2025-02-23 17:23:01,Teamfight Tactics,ãŠã‚„ã™ã¿,ã¦ã·ã¨ (tept_tft),71,jungle
2025-02-23 17:23:01,Teamfight Tactics,Ø±Ø§Ø­Ø© Ø¯ÙˆØª ÙƒÙˆÙ…,OuterFF,68,support
2025-02-23 17:23:01,Teamfight Tactics,Je pense jouer la compo PowDarius aujourd'hui !powdarius | !operagx,merci_raph,65,Brasil
2025-02-23 17:23:01,Teamfight Tactics,ğŸ”´ Challenger 1242LP start into VOD REVIEWS ğŸ”´!discord !youtube !coaching,MemooTFT,63,PortuguÃªs
2025-02-23 17:23:01,Teamfight Tactics,hoje eu nem sei - !Nuuvem !ExitLag !Kaspersky,Sasazinhaw,60,Simpatizante
2025-02-23 17:23:01,Teamfight Tactics,ã€èŒå°è±†ã€‘ğŸŒ±02/23ğŸŒ±å¯’æµä¾†è¥²èº²åœ¨å®¶è£¡çœ‹å°è±†å§â”ƒ!å‘¨é‚Š !ç°½â”ƒâ™¥ æ„Ÿè¬è¿½éš¨ã€æ›å°ã€æªåœ˜çš„æ¯ä¸€ä½ â™¥â”ƒ @bean_0924,èŒå°è±†ã¾ã‚ (bean_0924),57,Depressionen
2025-02-23 17:23:01,Teamfight Tactics,PrzedÅ‚uÅ¼any stream DzieÅ„#3 - czy to ostatni przedÅ‚uÅ¼any stream ever?,tataleny,46,SafeSpace
2025-02-23 17:23:01,Teamfight Tactics,ğŸ”´ llegamos a 5k??? | full domingo de riot games,WhiteBvnny,36,ADHS
2025-02-23 17:23:27,EA Sports FC 25,(15-0) FUT CHAMPS! ğŸš¨ !team !433 !prime !tts @AuzioMF,AuzioMF,5400,English
2025-02-23 17:23:27,EA Sports FC 25,DFB-ePokal powered by ERGO | 2. Hauptrunde â€“ Top 32 | Tag 2,kickerEsport,5300,football
2025-02-23 17:23:27,EA Sports FC 25,"ALLE 19 PICK ICON TOTY IN ARRIVO, FUTCHAMPS NEL MIO ACCOUNT e NUOVE EVO!!!",Flokox,654,esports
2025-02-23 17:23:27,EA Sports FC 25,"100 PACKS Ã  OUVRIR pour les FUT FANTASY ğŸŸª 83X14, 80x75, 85X2 et 85X7 au MENU !fifacoin !eneba !maillot !prime",axoskillLIVE,602,Deutsch
2025-02-23 17:23:27,EA Sports FC 25,Ø§Ù„ÙÙˆÙˆÙˆÙˆØª Ø§Ø®Ø± Ø®Ù…Ø³ Ù†Ù‡Ø§Ø¦ÙŠØ§Øª Ø¨Ù‚ÙŠØ§Ø¯Ù‡ Ø§Ù„Ø´Ù…Ø´ÙˆÙ† Ø§Ù„ÙƒÙˆØ±ÙŠ ğŸ”¥ğŸ”¥ğŸ”¥ğŸ”¥ Ø±Ø§Ù†Ùƒ ÙˆÙ†ØŸ,Morcei,585,german
2025-02-23 17:23:27,EA Sports FC 25,WE BACK! NEW Fantasy Cup + TOTY Icon Picks! !prime,TheFutAccountant,585,Italiano
2025-02-23 17:23:27,EA Sports FC 25,DOMINGÃƒO COM WL DE CLIENTE E CONTEÃšDOS NA SEGUE O RUMO! !cliente !camiseta,TioPedroJoga,575,Ultimate
2025-02-23 17:23:27,EA Sports FC 25,HEUTE TOTY ICONS in PICKS!? 500+ PACKS GRIND!! | !prep !vpn !stÃ¶rte !Ã¼v #werbung,SmexysYT,556,fc25
2025-02-23 17:23:27,EA Sports FC 25,ğŸš¨HEUTE TOTY ICON PICK?!ğŸ˜WL MIT 30+MIO TEAM!ğŸ˜ğŸ”¥| !insta !yt !whatsapp !tt,ebrufc,493,team
2025-02-23 17:23:27,EA Sports FC 25,!cc TOTY ICON PICKKK HEUTEEEEğŸ’™ğŸ’™FANTASY PACKSSğŸ’¥ğŸŒ‹!rewards FELIX SBC TESTENâœ…ğŸš¨ !insta !whatsapp,FaroooYT,468,opening
2025-02-23 17:23:27,EA Sports FC 25,Î§Î‘Î›Î‘Î¡ÎŸ Î£Î¤Î¡Î™ÎœÎ‘ÎšÎ™ Î£Î—ÎœÎ•Î¡Î‘ğŸ˜ŠWL ÎœÎ• ÎŸÎœÎ‘Î”Î‘Î¡Î‘ğŸ”¥ROAD TO 100 SUBSğŸ†!donate !magazi,geobotakis,395,kwait
2025-02-23 17:23:27,EA Sports FC 25,ã‚¯ãƒ´ã‚¡ãƒ©ãƒ„ãƒ˜ãƒªã‚¢ãƒ¼ã°ã‚‹ï¼†FANTASYçŠ¶æ³å ±å‘Šä¼šå ´,ã°ã‚‹ã¨ã‹ã„ã¨ (baruto_1201),387,UAE
2025-02-23 17:23:27,EA Sports FC 25,DICIANNOVEEEEEE CON GRANDE PICK ICON?! !canali in altre lingue !prime !ig !cardland !onlyfut !skycoach,Yoshi93,338,arab
2025-02-23 17:23:27,EA Sports FC 25,eFirstLeague - Ğ¤Ğ˜ĞĞĞ›ĞĞ˜Ğ¯Ğ¢ Ğ”Ğ•Ğ ĞĞ¢ Ğ¡Ğ•Ğ—ĞĞĞ Ğ• Ğ¢Ğ£Ğš - Live Playoffs Game | Ğ‘ĞĞ¢Ğ•Ğ’ Ğ’Ğ ĞĞ¦Ğ Dosev - Sanchez Ğ›ĞĞšĞĞœĞĞ¢Ğ˜Ğ’ ĞŸĞ›ĞĞ’Ğ”Ğ˜Ğ’,A1GamingLeague,330,Arabic
2025-02-23 17:23:27,EA Sports FC 25,!felix REVIEW // WL DOMENICALE // !sub !telegram,Dagnolf96,308,Soccer
2025-02-23 17:23:27,EA Sports FC 25,DFB-ePokal powered by ERGO | 2. Hauptrunde - Top 32 | Tag 2,dfb_official,297,Football
2025-02-23 17:23:27,EA Sports FC 25,WL Ğ½Ğ° Ğ‘Ğ•Ğ—Ğ”ĞĞĞĞ¢Ğ• !betboom !Ğ¼ÑƒĞ·Ñ‹ĞºĞ°,acoolbek,293,English
2025-02-23 17:23:27,EA Sports FC 25,FUT CHAMPIONS !!! !eneba !genezys !maillot,Ganginho_,271,FIFA
2025-02-23 17:23:27,EA Sports FC 25,(-) TOTY ICON PLAYER PICKS!,Hectic,270,PortuguÃªs
2025-02-23 17:23:27,EA Sports FC 25,"GRAMY CHAMPIONSY, ZAPISY do TURNIEJU z PULÄ„ 10KPLN -> !zapisy !eneba !casehug !pirateswap !steelseries",bejott,269,ultimateteam
2025-02-23 17:23:27,EA Sports FC 25,(9:0) WL mit Vardy GG & Euse TOTY / 19 Uhr neue Icon Picks? !tiktok !insta !instant,KingAilton,246,EAFC
2025-02-23 17:23:27,EA Sports FC 25,!taktyka ğŸš¨ [3-0] FUT CHAMPIONS NA GÅÃ“WNYM KONCIE CAÅYM SKÅADEM TOTY ğŸš¨ !ocena !kante !guti !felix !ig,J0K3R7x,224,eafc25
2025-02-23 17:23:27,EA Sports FC 25,ğŸ† acabamos FUT CHAMPS (5-4) ğŸ†,anamarreroph,182,FuÃŸball
2025-02-23 17:23:27,EA Sports FC 25,ğŸ† ICON TOTY SBC & CONTENUTO PAZZO DOMENICALE @kinggm95_ !prime,kinggm95_,175,fc25
2025-02-23 17:23:27,EA Sports FC 25,WL 90 ĞœĞĞ¢Ğ§Ğ•Ğ™ | Ğ—ĞĞšĞĞ—Ğ«Ğ’ĞĞ•Ğœ ĞœĞ£Ğ—Ğ«ĞšĞ£ | ĞĞ‘Ğ©ĞĞ•ĞœĞ¡Ğ¯ | FC 25 PS 5,roni51game,175,Deutsch
2025-02-23 17:23:27,EA Sports FC 25,PACK OPENING FC FANTASY | MAICON OBJECTIF + SBC 19H !!!,passiongaming_off,175,fifa
2025-02-23 17:23:27,EA Sports FC 25,ã‚ã¤ãŠã‹ æ·±å¤œãƒ„ã‚¤ãƒƒãƒéƒ¨,sorata_twitch,160,Deutsch
2025-02-23 17:23:27,EA Sports FC 25,EA Sports FC25, + 3 ,160,eafc
2025-02-23 17:23:27,EA Sports FC 25,ã€FIFA25ã€‘ä¿ºãŒã‚¹ãƒˆãƒ©ã‚¤ã‚«ãƒ¼ã ,éœœæœˆã„ãã¨ (ikkun_nico),160,Î•Î»Î»Î·Î½Î¹ÎºÎ¬
2025-02-23 17:23:27,EA Sports FC 25,ãŠå‰ã‚‰ã¯æœ¬å½“ã®ã‚µãƒƒã‚«ãƒ¼ã‚’çŸ¥ã£ã¦ã„ã‚‹ã‹...!!, + 3 ,160,fc25
2025-02-23 17:23:40,Dead by Daylight,DBDã‚„ã‚Šã¾ã™,ã¯ã‚“ã˜ã‚‡ã† (hanjoudesu),7100,æ—¥æœ¬èª
2025-02-23 17:23:40,Dead by Daylight,Killing,Hens333,2200,Wise
2025-02-23 17:23:40,Dead by Daylight,4k Challenge x Coursed deine mum - Among us UND ARK WOW -> !Holzkern !prepmymeal !Holy | !highlights,TheKller,1300,TwitchFrightFest
2025-02-23 17:23:40,Dead by Daylight,!AllPerkStreak DAY 5 of attempts | !gg !FAQ !latestopinions,Otzdarva,918,Not
2025-02-23 17:23:40,Dead by Daylight,ETERNAL vs ELYSIUM - GROUP STAGE - @championsofthefog,KnightLight,885,old
2025-02-23 17:23:40,Dead by Daylight,"Survivor und Killer im Wechsel, spÃ¤ter HORROR | !Partner",Schwabbeltown,693,Deutsch
2025-02-23 17:23:40,Dead by Daylight,Winter Circuit 2025 - LB TOP6 - Calamity VS Synapse,DBDLeague,608,English
2025-02-23 17:23:40,Dead by Daylight,æˆ‘æ˜¯é»æ˜æ€æœºèµ¤çŸ³å¤§ç‹,é’é“œæ ‘æµ·1 (shuhai_dbd),446,xpp
2025-02-23 17:23:40,Dead by Daylight,"24 HOUR STREAM! | 9 x P100 | 7,802 Hours | Devotion 49 | !ExpressVPN #ShirtMySurvivor",MatthewSantoro,332,comp
2025-02-23 17:23:40,Dead by Daylight,2000â‚¬ Gaming PC Giveaway - (!CodePC) | !HOLY | !KORO | !Saturo | !PCHM | !Socials,Readyx,318,Eternal
2025-02-23 17:23:40,Dead by Daylight,2 Bald People Take On The Fog ğŸ§‘ğŸ¾â€ğŸ¦²ğŸ™ğŸ¿ !newvid !opera,TonytheDuff,283,English
2025-02-23 17:23:40,Dead by Daylight,"RETO: Ganar 10 seguidas (3k/4k) NO PERKS ANTIRUSH, NO CAMP, NO TUNNEL, NO HARD SLUG, CON KILLER M1 (EL ESPECTRO)",SefirotKS,254,Deutsch
2025-02-23 17:23:40,Dead by Daylight,Open Lobbies!,TotalGranny,253,dbd
2025-02-23 17:23:40,Dead by Daylight,Open Lobby Swf Sunday | !add ğŸ‘ˆ,Classed,228,casting
2025-02-23 17:23:40,Dead by Daylight,ğŸ”´ 2V8 CON I SUBS & SOLOQ STREAK ğŸ”´ !instantgaming ğŸ”´ !sellout per request ğŸ”´,Lubanski,222,English
2025-02-23 17:23:40,Dead by Daylight,ä¸æ‡‚å°±é—®ï¼Œå€¾å›Šç›¸æˆï¼å¤§å®¶å¤©å¤©å¼€å¿ƒå“¦â™¥#IntotheFog,ç¦»æ¯ (likujiang),217,english
2025-02-23 17:23:40,Dead by Daylight,#Zherangel4Partner ğŸƒ IM THE HIGHEST IN MY LOOPğŸƒ,zherangel,200,ä¸­æ–‡
2025-02-23 17:23:40,Dead by Daylight,!Open Lobbies 2v8,AbolishEGirls,197,Canadian
2025-02-23 17:23:40,Dead by Daylight,LÃ©gende du potato | !topachat !holy !ig,BennyBoyTV,188,ShirtMySurvivor
2025-02-23 17:23:40,Dead by Daylight,é©¬é™†maloçš„ç›´æ’­é—´,é©¬é™†123 (dbdmalo),173,English
2025-02-23 17:23:40,Dead by Daylight,ğŸ”¥ HERE. WE. GO! Duos w/ @staggiez ğŸ”¥ | !balls !jimmys !newyt,MikeP0D,168,funny
2025-02-23 17:23:40,Dead by Daylight,sind hier any DBD Lover?,Raupsn,147,special
2025-02-23 17:23:40,Dead by Daylight,ã€å“ˆå¥‡ã€‘2/21 ç‚ºäº†å¹«åŠ©è¨ä¼éšŠ æˆ‘æœƒåŠªåŠ›é–‹å°... !æ›´æ–° !æŠ½å¡,å“ˆå¥‡_ (hachidbd),147,humor
2025-02-23 17:23:40,Dead by Daylight,TIME 4 SUNDAY SILLYâ€™S | !Youtube,Jelliottie,146,pepegi
2025-02-23 17:23:40,Dead by Daylight,identity v between rounds !kofi | !discord,vulpixia,144,English
2025-02-23 17:23:40,Dead by Daylight,[CH/FR/PC]ğŸ˜œJe rÃ¢le pas je m'exprimeğŸ˜œ | !GR20 !Holy !Prozis !Igraal,BartGeo,140,TDAH
2025-02-23 17:23:40,Dead by Daylight,Hardcore Survivor ğŸ¥³ Can we make it today?! !hardcore #ShirtMySurvivor,Aliychu,137,ADHD
2025-02-23 17:23:40,Dead by Daylight,ULTIMO DIA DE BPX400!!!,Oxxon,134,DeadbybyDaylight
2025-02-23 17:23:40,Dead by Daylight,ğŸŒºğŸ’™DOMINGOU! 2V8 COM O CHAT LOBBY OPEN! LOST RECORDS HOJE NO PS5! ğŸ’œğŸ¦‹#MarvelRivals #Eternalnightfalls !sociais !noping !donate !pix,ImChloeS2,130,Sweden
2025-02-23 17:23:40,Dead by Daylight,Black History Month Celebrateâ›ˆï¸!merchâ›ˆï¸!socialâ›ˆï¸Dead by Daylightâ›ˆï¸Custom match â›ˆï¸ Let have a good time pleaseâ›ˆï¸ Some chat about Fashion,vestmen,121,EUServer
2025-02-23 17:23:49,IRL,ğŸ§¡ IRL PARIS ğŸ§¡ CHILL BONNE HUMEUR ğŸ§¡ IL FAIT BEAU ğŸ§¡ !discord !setup,BorisBecker7,1900,English
2025-02-23 17:23:49,IRL,Exploring Paris! | !socials @HAchubby,HAchubby,1200,blague
2025-02-23 17:23:49,IRL,Mansion Party With Models In Paris !kick,toon,1100,IRL
2025-02-23 17:23:49,IRL,MAROKKO OFFROAD - EPIC LANDSCAPE !pme !holy áµ‚á´±á´¿á´®áµá´ºá´³,AUTdany,936,funny
2025-02-23 17:23:49,IRL,La SUZI y yo nos vamos AL KEBAB - ULTIMO DIA DE RAPARTUZA de la SEMANA y !prozis,viviendoenlacalle,889,English
2025-02-23 17:23:49,IRL,Podsumowanie Weekendu z panem Prezesem !lvbet !pirateswap !ig,gangamurun,796,Variety
2025-02-23 17:23:49,IRL,24H EN FORET AVEC LE FRERE,Lewislefou,786,gaming
2025-02-23 17:23:49,IRL,IRL Tour 2025 - Tag 11 Letzter Tag | Outdoor Stream | !insta !holzkern !holy !irl #Werbung,Sintica,776,OTB
2025-02-23 17:23:49,IRL,IRL Tour 2025 - Tag 11 Letzter Tag | Outdoor Stream | !insta, with SinticaLive ,776,English
2025-02-23 17:23:49,IRL,MOROCCO - Essaouira ğŸ‡²ğŸ‡¦ DAY 4 w/ @primroze | @studytme !ig !new !gialofly,SinticaLive,744,Reisen
2025-02-23 17:23:49,IRL,[Rerun] #RevengeTour @whyspazz !commands, with Sintica ,483,overlanding
2025-02-23 17:23:49,IRL,IRL NYC- Sunday Funday- Manhattan to Brooklyn,StudyTme,365,Outdoor
2025-02-23 17:23:49,IRL,Domenica a BangkokğŸ‡¹ğŸ‡­Ultime liveğŸ’¥Cassa ITA: 25 bits/1â‚¬-Cassa tutte le lingue: Tangia,WhySpazz,351,IRL
2025-02-23 17:23:49,IRL,NYC Bike Messenger,alldaynyc,343,turismo
2025-02-23 17:23:49,IRL,CREO UN CANNONE AL PLASMA,LucaKingM,287,comida
2025-02-23 17:23:49,IRL,Testujemy holenderskie piwa ğŸ» i gadamy o Antosiach ğŸ™ï¸,Miekii,255,Viajes
2025-02-23 17:23:49,IRL,ğŸŒ´ EARLY ACCESS MIAMI SPRING BREAK ğŸŒ´ || !discord !sub,paky_twc,211,Polski
2025-02-23 17:23:49,IRL,âš ï¸ ATTENZIONE: AREA VIDEOSORVEGLIATA,vvvictorie,202,IRL
2025-02-23 17:23:49,IRL,Keramik abholen in Wiesbaden â—ï¸emp â—ï¸greenforceâ—ï¸socials â—ï¸kofi,Juztxn,200,Mongolia
2025-02-23 17:23:49,IRL,DÃ­a 203 | MURO LATERALES TERMINADOS (350 metros)! PreparaciÃ³n para el Boss Final: EL MURO FRONTAL!,Patrizio_Official,195,HOTBODY
2025-02-23 17:23:49,IRL,ABEJAS Y COCINA,almostfeline,190,FranÃ§ais
2025-02-23 17:23:49,IRL,Ğ¢Ğ°ĞºÑÑƒÑ”Ğ¼Ğ¾ Ğ½Ğ° CYBERTRUCK,WildGnomos,183,Deutsch
2025-02-23 17:23:49,IRL,Ranked !MARATON s @dareb4k - den 3 | !limitka !soutÄ›Å¾ !challenge !toÄka !jÃ­dlo #ad,Relic_lol,180,Hardstyle
2025-02-23 17:23:49,IRL,Eure Videos FahrnÃ¼nftig | Sascha auf LKW-Tour | FAHRNÃœNFTIGTV,MONROKY,180,House
2025-02-23 17:23:49,IRL,Das Gebirge des Rheins zu Berg | !gebirge !mÃ¤useturm !clip !schiff !motor !fracht !reise !ziel !wo,AdisBak,167,Deutsch
2025-02-23 17:23:49,IRL,niedziela popÅ‚udnie pierniki i samochody,FahrnuenftigTV,161,English
2025-02-23 17:23:49,IRL,Clash Tiskovka IRL,ms_aqua_mundo,154,trickortreat
2025-02-23 17:23:49,IRL,Poldertour in NL mit Josch! || â—ï¸lurenatic â—ï¸wa â—ï¸anglerschmiede,Axia,143,FranÃ§ais
2025-02-23 17:23:49,IRL,Airport Frankfurt LIVE: ğŸ›« Action am Flughafen | Planespotting mit Live-Chat #mitmachspotting,Luzrovina_,103,Italiano
2025-02-23 17:23:58,ELDEN RING,ğŸ§¬ES ist soweit....... ğŸ§¬ | !yt !insta !dna !prime,NiklasWilson,2700,Deutsch
2025-02-23 17:23:58,ELDEN RING,3rd Playthrough | NO TILT DAY 12 | !qna !2nd !vods ğŸ˜± ğŸ˜³ ğŸ”´,dorozea,1800,English
2025-02-23 17:23:58,ELDEN RING,RANDOMIZER NO HIT RUN(s) | !GodRun | !NewVid | !PCS !ToA #ad,dinossindgeil,1600,girlgamers
2025-02-23 17:23:58,ELDEN RING,ELDEN RING DEX RUNğŸ”´FULL GAME (INKL.DLC) - DEX BESTEâ¤ï¸NÃ„CHSTE WOCHE: NEUE XXL CHALLENGE!,Jack_Fromsoft,1200,English
2025-02-23 17:23:58,ELDEN RING,Permadeath Randomizer - Alle 207 Bosse in Elden Ring | !EMP | !Holzkern,Divi,978,Speedrun
2025-02-23 17:23:58,ELDEN RING,!programmğŸŸªERST OFFLINE WENN ALLE 207 BOSSE OHNE ZU STERBEN UND RANDOMIZED GELEGT WORDEN SINDğŸŸª !socials !holy !amd !prep !eneba !rocket,Riirex,908,AllBosses
2025-02-23 17:23:58,ELDEN RING,SIEMAğŸŸ¢PLAN NA DZISIAJ: JUST CHATTING -> ELDEN TYLKO SIÅA -> ELDEN COOP ZE STARSZYZNÄ„ BOSSY 3xğŸŸ¢NEWSY GAMINGOWEğŸŸ¢!instant !PaySafe #reklama, with SeriousChallenges ,896,Deutsch
2025-02-23 17:23:58,ELDEN RING,[DROP ON MARVEL SNAP] Marika Ã¨ Radagon | !schedule !mangayo !nordvpn !prime,tamae_,777,Permadeath
2025-02-23 17:23:58,ELDEN RING,24/7 @SHROUD | VODS AND STREAMS | CS:GO | PUBG | VALO | RPGS | REPLAYS,Attrix,523,darksouls
2025-02-23 17:23:58,ELDEN RING,Elden Ring com a build do MAGO DAVA - !pix !regras !discord,shrood,326,Marathon
2025-02-23 17:23:58,ELDEN RING,I took big nap and woke up with Vigor.,HandsomeD11,262,grind
2025-02-23 17:23:58,ELDEN RING,Beating the DLC today or I name my unborn kid Goku. Anniversary SUBATHON starts Friday! 17 weeksğŸ¤° || !advgg !merch,alexnostalgix,257,EldenRingNightreign
2025-02-23 17:23:58,ELDEN RING,"RUSH ELDEN RING JOUR 6, MORGOTT et RYKARD on vient pour vous !discord !twitter",JuniKodama,220,matze
2025-02-23 17:23:58,ELDEN RING,RERUN - Gameplay NO CHAT / NO CAM,10nnum,212,Polski
2025-02-23 17:23:58,ELDEN RING,ELDEN LORD MARATHON [DAY 2] ON STREAM TILL IT'S DONEğŸ”¥ !POWERS POUR SABOTER MON GAMEPLAYğŸ§™,algonquian644,172,Italiano
2025-02-23 17:23:58,ELDEN RING,"Elden Ring! ĞšĞ»Ğ°ÑÑĞ¾Ğ²Ñ‹Ğ¹ Ñ‡ĞµĞ»Ğ»ĞµĞ½Ğ´Ğ¶, Ğ¼ĞµÑ€Ğ·Ğ°Ğ²ĞµÑ†, ÑÑ‚Ñ€Ğ¸Ğ¼ #02",MuchoFruito,133,alldayshroud
2025-02-23 17:23:58,ELDEN RING,ğŸ”´ ERSTES MAL ELDEN RING - TRY NOT TO SCREAM ğŸ”´,WhyMe758,112,cs
2025-02-23 17:23:58,ELDEN RING,ğŸ´â€â˜ ï¸Become the Burp Lord | Elden Ring with burp attacks only {FINALE},Jinterella,109,English
2025-02-23 17:23:58,ELDEN RING,"BLIND PLAYTHROUGH, TRYING TO FIND DLC PORTAL | This timer will end one day.. | Subathon Day 29 !subgoals",Dandyfloss,104,pubg
2025-02-23 17:23:58,ELDEN RING,Elden Ring First Playthrough Day 12 | No npc summon run @catchaluna for Socials,Nephsy,97,PortuguÃªs
2025-02-23 17:23:58,ELDEN RING,My second stream. YOLO,CatchaLuna,97,kawaii
2025-02-23 17:23:58,ELDEN RING,ĞºĞµÑ€Ğ°Ğ¼Ğ¸Ñ‡ĞµÑĞºĞ¾Ğµ Ğ¸Ğ·Ğ´ĞµĞ»Ğ¸Ğµ,kriztylani,83,helpme
2025-02-23 17:23:58,ELDEN RING,"Item/Enemy rando continues, we're in ALTUS! Surely we've found all the dragons already right ğŸ™‚ğŸ™‚", with LiannaLucilia ,81,helladesu
2025-02-23 17:23:58,ELDEN RING,ğŸ’€ ELDEN RIIIING AAAAH ğŸ’€,dsblf,80,Horror
2025-02-23 17:23:58,ELDEN RING,Day 54,tiny_bobcat,80,beatthedeviloutofit
2025-02-23 17:23:58,ELDEN RING,CHAT SKILLT DEN ELDENMOKK #3,m00sician,73,Anime
2025-02-23 17:23:58,ELDEN RING,On regarde ce qu'est Elden ring ğŸ‘€,HEISENBERGOFFICIAL,64,eldenring
2025-02-23 17:23:58,ELDEN RING,Community RunğŸ©· Wir zocken uns gemÃ¼tlich zusammen durchÂ´s Elden Ring DLC,MrMokko_,60,Rediffusion
2025-02-23 17:23:58,ELDEN RING,Ù†ÙƒÙ…Ù„ Ø¹Ø´ÙˆØ§Ø¦ÙŠØ©,Orikwan,59,discusison
2025-02-23 17:24:07,TEKKEN 8,EU CUP FINALS - TOP 8 - Restream,LevelUpYourGame,292,loud
2025-02-23 17:24:07,TEKKEN 8,Hookah lounge qualifiers tournament at 6pm,Plantedmedusa,256,short
2025-02-23 17:24:07,TEKKEN 8,Watching AND playing a tournament today!,Duelist17,160,bald
2025-02-23 17:24:07,TEKKEN 8,"ĞĞĞ’Ğ«Ğ™ ĞŸĞĞ¢Ğ§, Ğ¡Ğ¢ĞĞ Ğ«Ğ™ Ğ‘ĞĞ›ĞĞĞ¡ | Ğ”ĞĞ¢Ğ Ğ’Ğ«Ğ¥ĞĞ”Ğ 2 Ğ¡Ğ•Ğ—ĞĞĞ ĞĞ Ğ®Ğ¢Ğ£Ğ‘ ĞšĞĞĞĞ›Ğ•",By_Shao,100,variety
2025-02-23 17:24:07,TEKKEN 8,"[EN/PH] Xiaoyu quickmatches! Maybe ranked, idk lol | !dono !socials !merch",shiori_p0n,88,pro
2025-02-23 17:24:07,TEKKEN 8,ğŸ»ğŸŸBEARS EATING !!!!! LETGO! ğŸ»ğŸŸ,Cavemanat_370,86,English
2025-02-23 17:24:07,TEKKEN 8,Back from Qatar ..EU cup finals restream party,RaefTKN,78,competitive
2025-02-23 17:24:07,TEKKEN 8,Kazuya in Medusa TOURNAMENT RUN / !discord,MrBxdr,55,fgc
2025-02-23 17:24:07,TEKKEN 8,CAPO TOURNAMENT ğŸ† Qui sera le grand vainqueur ? ğŸ”¥!bracket !discord !harada,CapoBerserk,50,gamba
2025-02-23 17:24:07,TEKKEN 8,"early strim, new sub emote kanetkcozy, !coaching",Kane_TK,46,kazino
2025-02-23 17:24:07,TEKKEN 8,"12 hours stream - playing everything, starting w/ Tekken",Ariiella,44,Balanced
2025-02-23 17:24:07,TEKKEN 8,Kuma TOP 2 #factor75partner !youtube !controller,Shin_Blade_,44,fair
2025-02-23 17:24:07,TEKKEN 8,"ğŸ¼Ğ¡Ğ½Ğ°Ñ‡Ğ°Ğ»Ğ° Ğ±ÑŒÑ Ğ»Ğ°Ğ¿ĞºĞ°Ğ¼Ğ¸, Ğ¿Ğ¾Ñ‚Ğ¾Ğ¼ Ğ±Ğ¸Ñ‚Ğ¾Ğ¹ Ğ² ÑÑƒĞ¿ĞµÑ€Ğ¼Ğ°Ñ€ĞºĞµÑ‚ĞµğŸ",ZZT_Lamara_Kalmara,40,Ğ¾Ñ‚Ğ²ĞµÑ‚Ñ‹Ğ½Ğ°Ğ²Ğ¾Ğ¿Ñ€Ğ¾ÑÑ‹
2025-02-23 17:24:07,TEKKEN 8,Ğ´Ğ¾Ğ±Ñ€Ñ‹Ğ¹ ÑÑ‚Ñ€Ğ¸Ğ¼,gandjohn,40,Tekken
2025-02-23 17:24:07,TEKKEN 8,Only Lili | #MishimaHater,Asunality,39,Ğ ÑƒÑÑĞºĞ¸Ğ¹
2025-02-23 17:24:07,TEKKEN 8,â­FIRST TEKKEN 8 TOURNEY TODAY!! HYPE SUNDAY!!â­ !youtube !discord !music !clip,AstroAxol,35,ADHD
2025-02-23 17:24:07,TEKKEN 8,ğŸ”´ The Tekken Lightning Tournament (TLT) is starting! feat. @edikachan | !tlt | !discord | The Lightning Lordâš¡,Raijunia,33,ENVtuber
2025-02-23 17:24:07,TEKKEN 8,ETC EU TOP 12 FINALS RESTREAM ğŸ‘ŠğŸ‘ŠğŸ‘Š !bracket !fraud !youtube,DevKO22,25,Chatty
2025-02-23 17:24:07,TEKKEN 8,Rage LX #2 - Torneio Mensal de Lisboa!!,Locus_Crew,24,ï½ƒï½ˆï½‰ï½Œï½Œ
2025-02-23 17:24:07,TEKKEN 8,[KING] Tekken Road to Asean Games!! à¸‹à¹‰à¸­à¸¡à¹„à¸›à¹à¸‚à¹ˆà¸‡à¸‡,Seriperi,19,vibesandchill
2025-02-23 17:24:07,TEKKEN 8,Some Tekken Practice Before The Tournament <3,w1gl3t,18,English
2025-02-23 17:24:07,TEKKEN 8,Ñ‚Ğ³Ğ¾ Ğ¸ Ğ´Ñ€Ğ¾Ğ¿,aizen_vorona,17,English
2025-02-23 17:24:07,TEKKEN 8,TEKKEN 8 SESSION OPEN / !discord !socials !don !paf !bodycount !qi !rizz !10k,Satuuurnn_,14,resident
2025-02-23 17:24:07,TEKKEN 8,yalandan,Zed_Man_Walking,12,residentevil
2025-02-23 17:24:07,TEKKEN 8,It Is What It Is | !Discord | !Merch,Hyperwoif1,11,funny
2025-02-23 17:24:07,TEKKEN 8,Lili Ranked Session,JuliaBandicoot,11,Just
2025-02-23 17:24:07,TEKKEN 8,"â™¡Hungover, needs hugs, bored and need Eddy in my life â™¡ !throne !discordã€18+ Rated: D for DOWN BADã€‘",JazSukiLove,11,English
2025-02-23 17:24:07,TEKKEN 8,ãã‚€å…ˆç”ŸãŒæ°—ã®å‘ãã¾ã¾ã«,ãã‚€å…ˆç”Ÿ (kimuteacher),8,Chatting
2025-02-23 17:24:07,TEKKEN 8,AUSKA GOD _-MAX GOD RANK GRIND,SagieBob,6,tekken
2025-02-23 17:24:07,TEKKEN 8,tekken 8 all welcome,scottz_Rule,2,francais
2025-02-23 17:24:16,Hearthstone,"Anomalies Are Crazy, I Am Crazier!",RduLIVE,3400,Autobattler
2025-02-23 17:24:16,Hearthstone,we gamin hell yeah | !CN !cnleaderboards,XQN_TheSad,3200,KEKW
2025-02-23 17:24:16,Hearthstone,[#1EU - BG - 17k4] - objectif 18k // !patch,Slyders_HS,753,English
2025-02-23 17:24:16,Hearthstone,Ğ¡Ğ¾Ğ±Ğ¸Ñ€Ğ°ĞµĞ¼ Ğ°Ğ½Ğ¾Ğ¼Ğ°Ğ»Ğ¸Ğ¸ Ğ¸ Ñ„Ğ¸ĞºÑĞ¸Ñ€ÑƒĞµĞ¼. 14K â€” Ğ½ĞµÑ‚.,MerlinChess,661,English
2025-02-23 17:24:16,Hearthstone,Diz: bientÃ´t la fin de la remontada ?,SolaryHS,658,FranÃ§ais
2025-02-23 17:24:16,Hearthstone,ã€å¤§é ­çš®ã€‘å°é–‹ è‡ªä¸»è¨‚é–±äººæ•¸å‘Šæ€¥ !é™£å®¹ !HDT !ç¨½æŸ¥æ’ä»¶ !å•Ÿç”¨è¦å‰‡ !YT !FB !å·¦è…³è¸©å³è…³ !UL,å¤§é ­çš® (dapeedou),332,Battlegrounds
2025-02-23 17:24:16,Hearthstone,ãƒãƒˆã‚°ãƒ©,ãƒ€ã‚¤ãƒŠã‚½ä¸€ç«œå´ (dryuzaki1229),239,Ğ ÑƒÑÑĞºĞ¸Ğ¹
2025-02-23 17:24:16,Hearthstone,24h stream nilBezbÅ‚Ä™dnie SR!,Nilatarion,237,FranÃ§ais
2025-02-23 17:24:16,Hearthstone,ğŸ”µRank 1 [ARENA] !arena 9/30 RUNS| RIP Twitch Prime,DenimBlue7,230,ä¸­æ–‡
2025-02-23 17:24:16,Hearthstone,Ğ¡ ĞŸÑ€Ğ°Ğ·Ğ´Ğ½Ğ¸ĞºĞ¾Ğ¼ ĞœÑƒĞ¶Ğ¸ĞºĞ¸ !Patch ĞĞ±Ğ·Ğ¾Ñ€ ÑƒĞ¶Ğµ ĞµÑÑ‚ÑŒ !donate | Ğ¢Ğ“: Ğ¢Ğ°Ğ²ĞµÑ€Ğ½Ğ° Ğ“Ñ€ÑƒĞ²Ğ°,GruveTV,215,ä¸­åˆä¸é–‹
2025-02-23 17:24:16,Hearthstone,ĞÑ€ĞµĞ½ĞºĞ¸!,OJleHb_HS,209,äº‚BANäºº
2025-02-23 17:24:16,Hearthstone,ĞšĞ’ !TierList !tg !deck !Ğ´Ğ¸ÑĞºĞ¾Ñ€Ğ´,Renmen1,205,é€æ¼¸ç¦¿é ‚
2025-02-23 17:24:16,Hearthstone,Hearthstone Arena,mifundi,194,æ—¥æœ¬èª
2025-02-23 17:24:16,Hearthstone,"Joutes Royales #248 Ã  15h !tournoi pr les infos / ""NOUVELLES CARTES : XAVIUS REVIENT!"" en vidÃ©o -> !youtube [FR/EN]",ForDaKingHS,188,amogus
2025-02-23 17:24:16,Hearthstone,14Ğº ĞŸĞĞ¨Ğ›ĞĞ¯/Ğ±ÑƒĞ½ĞºĞµÑ€?!?!? !Ñ€ÑƒĞ»ĞµÑ‚ĞºĞ°!Ğ´Ğ¾Ğ½Ğ°Ñ‚!Ğ¿Ğ¾Ñ€Ñ‚Ñ„ĞµĞ»ÑŒ,jak3enight,169,Katowice
2025-02-23 17:24:16,Hearthstone,"Ñ 23 Ñ„ĞµĞ²Ñ€Ğ°Ğ»Ñ, Ğ²ÑƒĞ°Ğ»Ñ!",tina_tyan,156,hearthstone
2025-02-23 17:24:16,Hearthstone,ç«¶æŠ€å ´æŠ€è¡“å°ï¼Œæ­¡è¿å–®å…µåŠ å…¥ï¼Œè¶Šå—åœ˜æ­¡è¿åŠ å…¥DCäº†è§£è©³æƒ…,é‹¼ç´æ®ºæ‰‹ (khsjohnny),145,Strategie
2025-02-23 17:24:16,Hearthstone,[BG]13k->17k ĞĞ¾Ğ²Ñ‹Ğ¹ Ğ¿Ğ°Ñ‚Ñ‡ ÑƒĞ¶Ğµ Ğ² Ğ¸Ğ³Ñ€Ğµ | Ğ§ĞµĞ»Ğ»ĞµĞ½Ğ´Ğ¶ Ğ½Ğ° BTC | !Ñ‚ÑƒÑ€Ğ½Ğ¸Ñ€ Ğ½Ğ° 500ğŸ’° | !Ğ¿Ğ°Ñ‚Ñ‡ !Ñ‚Ğ³ !Ğ¿Ğ¾Ğ´Ğ·ĞµĞ¼ĞµĞ»ÑŒĞµ,VladElisha,141,egirl
2025-02-23 17:24:16,Hearthstone,Ladder! Zocke Watcher of Realms und Supporte GroÃŸartigst (!wor) Partnerplus Qualifizierung (82/100) !pp !yt !deck #werbung,berono91,126,English
2025-02-23 17:24:16,Hearthstone,Starting top 13 going for 1 Legend EU Es/En,SrBerserk,117,Ğ ÑƒÑÑĞºĞ¸Ğ¹
2025-02-23 17:24:16,Hearthstone,"MAKROXRONIO : MOUZAKITIS XRISI MPALA 2026, ELLADA KATAKTISI MUNDIAL",MARZiTOiSONFiRE,102,Battlegrounds
2025-02-23 17:24:16,Hearthstone,BG -> NEW !PATCH - ANOMALIES ARE HERE,Sevel07,100,Hearhstone
2025-02-23 17:24:16,Hearthstone,Arena church of the gecko man's healing finger - !rotation,thegreygecko,93,UmomGaming
2025-02-23 17:24:16,Hearthstone,"Stream cortito cortito, que hoy tuve el Festival de la CanciÃ³n Scout y estoy cansado y con dolorcillo craneal. Pero toca mini stream igual!",Gotorkun,70,Arena
2025-02-23 17:24:16,Hearthstone,Ñ Ğ¿Ñ€Ğ°Ğ·Ğ´Ğ½Ğ¸ĞºĞ¾Ğ¼! Ñ Ğ´Ğ½ĞµĞ¼ ĞºĞµÑ€Ğ»Ğ¸Ğ½Ğ³Ğ°!ğŸšœ,k_i_r_a,67,Ğ ÑƒÑÑĞºĞ¸Ğ¹
2025-02-23 17:24:16,Hearthstone,Duos with @mo0nlord !throne,MaritimeMax,56,Ğ ÑƒÑÑĞºĞ¸Ğ¹
2025-02-23 17:24:16,Hearthstone,Ğ’ Ğ·Ğ°Ğ»Ğ¾Ğ¶Ğ½Ğ¸ĞºĞ°Ñ…,klesh1,50,Ğ¯ĞºĞ°Ğ±Ğ°Ğ½
2025-02-23 17:24:16,Hearthstone,Battlegrounds & Chill,WoloU,40,Hardcore
2025-02-23 17:24:16,Hearthstone,ğŸ›‘LIVE ğŸï¸ğŸ¥âœ¨ Top 8 -> Lynnee's Tournament 7PMâœ¨ !marvel MEDIA REQUEST live,lilithyhs,39,English
2025-02-23 17:24:23,Barotrauma,ãƒãƒ­,k4sen,14200,æ—¥æœ¬èª
2025-02-23 17:24:23,Barotrauma,äºŒæ¬¡ä¼šBaro,ä¹¾ä¼¸ä¸€éƒ (ninja_inui),553,ãƒã‚¿ãƒãƒ¬æ³¨æ„
2025-02-23 17:24:23,Barotrauma,"ãƒ•ãƒ«ãƒ‘ãƒãƒ­ w/k4sen3,ä¹¾æ®¿,ã‚¼ãƒ­ã‚¹ãƒˆ,ã†ã‚‹ã‹",AlphaAzur,356,ãƒã‚¿ãƒãƒ¬NG
2025-02-23 17:24:23,Barotrauma,ĞŸĞ»Ñ‹Ğ²Ñ‘Ğ¼ ĞºĞ°Ğº Ğ³Ğ¾Ğ²Ğ½Ğ¾ Ğ² Ğ¿Ñ€Ğ¾Ñ€ÑƒĞ±Ğ¸,DrFobosser,7,ãƒã‚¿ãƒãƒ¬æ³¨æ„
2025-02-23 17:24:23,Barotrauma,"Ğ˜Ğ³Ñ€Ğ°ĞµĞ¼, Ğ¾Ğ±Ñ‰Ğ°ĞµĞ¼ÑÑ Ğ¸ Ğ²ĞµÑĞµĞ»Ğ¸Ğ¼ÑÑ",BrazonFun,6,ãƒã‚¿ãƒãƒ¬ãƒ»ã‚¢ãƒ‰ãƒã‚¤ã‚¹ç¦æ­¢
2025-02-23 17:24:23,Barotrauma,ĞšĞĞĞŸ Ğ¡Ğ¢Ğ Ğ˜Ğœ â„–6 ĞŸĞ BAROTRAUMAâ–ºĞĞšĞ¢Ğ˜Ğ’ĞĞ Ğ˜Ğ”ĞĞœ Ğ’ Ğ¢Ğ Ğ•Ğ¢Ğ¬Ğ® Ğ—ĞĞĞ£ Ğ˜ Ğ˜Ğ©Ğ•Ğœ ĞĞĞšĞĞĞ•Ğ¦Ğ¢Ğ ĞĞĞ’Ğ«Ğ™ Ğ Ğ•Ğ¡Ğ£Ğ Ğ¡,bald_streamer_,5,é³©ç¦æ­¢
2025-02-23 17:24:23,Barotrauma,Nouveau dÃ©part ! #Barotrauma,johnnysanga,5,æ—¥æœ¬èª
2025-02-23 17:24:23,Barotrauma,BAROTRAUMA - Thus we seeketh upliftment- Husk Play through,TjaistHimmel,2,ä¸‹æ‰‹ããã‚ã‚Š
2025-02-23 17:24:23,Barotrauma,[EN/TH] Barotrauma # 8 à¸–à¹‰à¸²à¹€à¸›à¹‡à¸™à¸¡à¸´à¸•à¸£à¸à¸±à¸™à¹„à¸¡à¹ˆà¹„à¸”à¹‰à¸à¹‡à¸•à¹‰à¸­à¸‡à¸ˆà¸±à¸”à¸à¸²à¸£à¸à¸±à¸™à¹„à¸›à¸‚à¹‰à¸²à¸‡,porlorchannel,2,barotruama
2025-02-23 17:24:23,Barotrauma,"Ğ¢Ğ¸Ñ‚Ğ°Ğ½Ğ¸Ğº Ğ·Ğ°Ğ²Ğ¸Ğ´ÑƒĞµÑ‚, ĞºĞ°Ğº Ğ¼Ñ‹ Ñ‚Ğ¾Ğ½ĞµĞ¼",justaflukke,0,barotraumamultiplayer
2025-02-23 17:24:23,Barotrauma,Barotrauma Ğ¿Ğ¾Ğ³Ñ€ÑƒĞ¶Ğ°ĞµĞ¼ÑÑ,F0X_9ame,0,Ñ„ÑƒĞ»Ğ»Ñ‚Ğ°Ğ¹Ğ¼ÑÑ‚Ñ€Ğ¸Ğ¼ĞµÑ€
2025-02-23 17:24:23,Barotrauma,Barotrauma - Ğ’Ğ¾ÑÑÑ‚Ğ°Ğ½Ğ¾Ğ²Ğ¸Ğ¼ Ñ€ĞµĞ³Ğ¸Ğ¾Ğ½,TexerYoutube,0,Ğ¸Ğ³Ñ€Ñ‹
